,0
0,7
1,8
2,7
3,12
4,12
5,2
6,2
7,8
8,10
9,8
10,14
11,5
12,14
13,10
14,2
15,10
16,9
17,10
18,2
19,8
20,2
21,4
22,13
23,8
24,4
25,10
26,10
27,14
28,10
29,8
30,2
31,2
32,2
33,10
34,10
35,10
36,10
37,0
38,14
39,2
40,4
41,0
42,6
43,2
44,10
45,6
46,2
47,3
48,8
49,10
50,11
51,8
52,0
53,2
54,4
55,9
56,0
57,11
58,2
59,4
60,13
61,12
62,10
63,10
64,5
65,12
66,13
67,11
68,14
69,7
70,10
71,1
72,2
73,2
74,11
75,5
76,14
77,1
78,8
79,7
80,11
81,11
82,11
83,7
84,5
85,14
86,10
87,8
88,14
89,4
90,8
91,3
92,9
93,0
94,6
95,10
96,2
97,10
98,8
99,12
100,12
101,9
102,14
103,1
104,10
105,9
106,13
107,10
108,7
109,10
110,2
111,1
112,8
113,8
114,8
115,10
116,10
117,8
118,2
119,2
120,5
121,10
122,2
123,12
124,2
125,6
126,5
127,12
128,2
129,5
130,0
131,10
132,11
133,9
134,5
135,4
136,11
137,9
138,9
139,4
140,7
141,5
142,5
143,6
144,2
145,2
146,12
147,10
148,14
149,2
150,10
151,2
152,0
153,2
154,9
155,0
156,1
157,10
158,8
159,4
160,10
161,10
162,2
163,12
164,7
165,0
166,12
167,12
168,14
169,4
170,0
171,10
172,0
173,11
174,10
175,6
176,5
177,11
178,7
179,10
180,13
181,8
182,14
183,0
184,10
185,10
186,8
187,10
188,2
189,8
190,10
191,1
192,4
193,10
194,1
195,9
196,10
197,5
198,4
199,2
200,13
201,11
202,14
203,13
204,2
205,14
206,8
207,10
208,10
209,11
210,8
211,2
212,2
213,10
214,7
215,10
216,11
217,11
218,14
219,12
220,3
221,10
222,2
223,10
224,2
225,9
226,14
227,14
228,7
229,2
230,14
231,14
232,11
233,4
234,4
235,14
236,1
237,2
238,5
239,7
240,12
241,9
242,11
243,2
244,0
245,1
246,8
247,12
248,10
249,10
250,2
251,12
252,7
253,14
254,2
255,1
256,10
257,10
258,12
259,6
260,0
261,9
262,14
263,2
264,14
265,9
266,14
267,4
268,10
269,7
270,2
271,14
272,8
273,1
274,9
275,0
276,0
277,14
278,9
279,9
280,10
281,8
282,1
283,2
284,2
285,12
286,0
287,7
288,8
289,14
290,0
291,8
292,14
293,5
294,8
295,5
296,10
297,9
298,1
299,4
300,2
301,12
302,10
303,7
304,10
305,10
306,10
307,9
308,12
309,2
310,10
311,12
312,4
313,12
314,7
315,12
316,10
317,2
318,2
319,8
320,2
321,1
322,5
323,7
324,11
325,14
326,10
327,2
328,11
329,10
330,2
331,2
332,9
333,2
334,2
335,2
336,14
337,5
338,10
339,10
340,10
341,10
342,7
343,7
344,9
345,7
346,11
347,14
348,10
349,5
350,2
351,7
352,6
353,1
354,7
355,10
356,8
357,6
358,2
359,1
360,10
361,2
362,11
363,14
364,7
365,2
366,7
367,14
368,4
369,11
370,11
371,2
372,1
373,2
374,12
375,4
376,14
377,9
378,2
379,10
380,2
381,6
382,2
383,11
384,10
385,2
386,5
387,6
388,10
389,2
390,1
391,8
392,10
393,2
394,7
395,2
396,9
397,8
398,10
399,9
400,2
401,10
402,14
403,11
404,9
405,10
406,8
407,2
408,2
409,4
410,7
411,7
412,12
413,2
414,14
415,14
416,5
417,12
418,11
419,2
420,9
421,5
422,4
423,1
424,10
425,2
426,0
427,7
428,10
429,5
430,9
431,7
432,2
433,11
434,4
435,0
436,10
437,2
438,12
439,5
440,2
441,10
442,1
443,12
444,5
445,8
446,7
447,4
448,10
449,1
450,12
451,4
452,0
453,9
454,11
455,8
456,11
457,10
458,4
459,14
460,14
461,8
462,10
463,5
464,14
465,11
466,2
467,11
468,6
469,2
470,13
471,3
472,7
473,7
474,9
475,9
476,0
477,0
478,2
479,2
480,10
481,3
482,4
483,11
484,8
485,4
486,6
487,14
488,4
489,0
490,2
491,0
492,13
493,6
494,10
495,9
496,10
497,10
498,14
499,2
500,2
501,11
502,12
503,4
504,7
505,9
506,1
507,10
508,7
509,14
510,6
511,2
512,5
513,8
514,10
515,2
516,14
517,8
518,8
519,11
520,4
521,10
522,9
523,8
524,7
525,8
526,8
527,2
528,2
529,2
530,10
531,14
532,14
533,8
534,9
535,0
536,7
537,10
538,10
539,4
540,2
541,1
542,11
543,2
544,2
545,8
546,2
547,0
548,9
549,2
550,9
551,7
552,5
553,12
554,2
555,7
556,6
557,2
558,10
559,8
560,11
561,1
562,2
563,10
564,1
565,8
566,6
567,4
568,11
569,2
570,7
571,14
572,8
573,2
574,14
575,10
576,1
577,7
578,10
579,8
580,10
581,7
582,10
583,2
584,1
585,0
586,10
587,1
588,2
589,11
590,12
591,11
592,9
593,8
594,13
595,2
596,11
597,14
598,1
599,11
600,0
601,10
602,10
603,2
604,2
605,4
606,10
607,0
608,5
609,11
610,2
611,14
612,12
613,1
614,2
615,2
616,0
617,2
618,10
619,10
620,2
621,2
622,7
623,2
624,2
625,2
626,7
627,2
628,5
629,10
630,7
631,9
632,9
633,8
634,2
635,5
636,14
637,0
638,11
639,2
640,2
641,11
642,5
643,2
644,0
645,14
646,8
647,2
648,2
649,10
650,2
651,6
652,2
653,2
654,4
655,9
656,8
657,7
658,10
659,2
660,2
661,2
662,2
663,10
664,1
665,2
666,11
667,7
668,12
669,7
670,0
671,1
672,2
673,11
674,0
675,2
676,11
677,8
678,13
679,10
680,10
681,10
682,1
683,0
684,10
685,14
686,2
687,0
688,1
689,10
690,7
691,10
692,10
693,11
694,4
695,2
696,8
697,10
698,9
699,10
700,7
701,7
702,12
703,12
704,6
705,2
706,12
707,10
708,9
709,2
710,1
711,4
712,4
713,0
714,14
715,14
716,5
717,1
718,10
719,13
720,10
721,11
722,5
723,5
724,10
725,2
726,0
727,2
728,5
729,10
730,2
731,4
732,2
733,2
734,14
735,13
736,4
737,12
738,2
739,5
740,1
741,14
742,2
743,10
744,2
745,10
746,10
747,2
748,10
749,2
750,5
751,12
752,10
753,7
754,8
755,10
756,11
757,2
758,2
759,2
760,9
761,2
762,12
763,1
764,14
765,5
766,0
767,2
768,10
769,7
770,6
771,10
772,2
773,2
774,1
775,2
776,10
777,2
778,10
779,2
780,10
781,0
782,10
783,12
784,9
785,2
786,13
787,9
788,14
789,0
790,10
791,10
792,0
793,12
794,10
795,11
796,8
797,14
798,10
799,10
800,7
801,5
802,2
803,1
804,9
805,0
806,1
807,9
808,14
809,2
810,9
811,10
812,14
813,2
814,8
815,1
816,14
817,10
818,7
819,14
820,2
821,0
822,10
823,2
824,8
825,10
826,2
827,11
828,0
829,8
830,10
831,11
832,2
833,2
834,10
835,7
836,4
837,12
838,6
839,10
840,2
841,10
842,4
843,0
844,8
845,4
846,2
847,2
848,9
849,9
850,10
851,10
852,14
853,9
854,0
855,2
856,9
857,5
858,9
859,2
860,1
861,1
862,1
863,2
864,2
865,2
866,13
867,13
868,9
869,1
870,11
871,0
872,9
873,5
874,14
875,11
876,5
877,1
878,10
879,4
880,8
881,10
882,10
883,8
884,7
885,10
886,4
887,2
888,2
889,0
890,10
891,10
892,14
893,10
894,10
895,2
896,2
897,2
898,6
899,0
900,8
901,2
902,2
903,2
904,13
905,0
906,9
907,8
908,0
909,0
910,9
911,2
912,9
913,2
914,2
915,1
916,14
917,14
918,2
919,2
920,2
921,7
922,13
923,10
924,2
925,4
926,10
927,5
928,0
929,5
930,10
931,8
932,5
933,4
934,14
935,10
936,9
937,10
938,0
939,2
940,11
941,14
942,2
943,9
944,2
945,11
946,13
947,2
948,14
949,0
950,12
951,7
952,10
953,2
954,5
955,14
956,2
957,10
958,14
959,8
960,2
961,10
962,4
963,2
964,9
965,10
966,2
967,11
968,2
969,2
970,0
971,10
972,10
973,12
974,9
975,2
976,7
977,7
978,5
979,10
980,10
981,2
982,9
983,4
984,10
985,0
986,0
987,8
988,4
989,11
990,10
991,14
992,6
993,10
994,10
995,2
996,2
997,10
998,5
999,1
1000,2
1001,6
1002,8
1003,10
1004,11
1005,2
1006,5
1007,2
1008,2
1009,2
1010,10
1011,2
1012,10
1013,9
1014,14
1015,2
1016,8
1017,6
1018,12
1019,14
1020,2
1021,11
1022,10
1023,2
1024,0
1025,11
1026,10
1027,0
1028,5
1029,8
1030,2
1031,5
1032,7
1033,14
1034,0
1035,12
1036,12
1037,8
1038,12
1039,2
1040,10
1041,14
1042,4
1043,3
1044,0
1045,2
1046,0
1047,8
1048,6
1049,10
1050,8
1051,1
1052,6
1053,10
1054,7
1055,14
1056,10
1057,2
1058,10
1059,2
1060,12
1061,12
1062,14
1063,2
1064,1
1065,2
1066,0
1067,2
1068,4
1069,7
1070,2
1071,11
1072,5
1073,10
1074,2
1075,2
1076,2
1077,10
1078,2
1079,2
1080,6
1081,0
1082,9
1083,2
1084,2
1085,4
1086,4
1087,6
1088,2
1089,7
1090,5
1091,10
1092,5
1093,2
1094,4
1095,2
1096,7
1097,9
1098,14
1099,7
1100,2
1101,7
1102,10
1103,5
1104,7
1105,2
1106,2
1107,10
1108,2
1109,14
1110,2
1111,2
1112,7
1113,8
1114,2
1115,8
1116,11
1117,2
1118,10
1119,4
1120,8
1121,7
1122,7
1123,6
1124,2
1125,7
1126,2
1127,10
1128,0
1129,3
1130,2
1131,9
1132,8
1133,5
1134,6
1135,14
1136,0
1137,14
1138,10
1139,7
1140,10
1141,10
1142,4
1143,10
1144,2
1145,2
1146,11
1147,10
1148,10
1149,10
1150,14
1151,8
1152,14
1153,2
1154,2
1155,6
1156,12
1157,10
1158,3
1159,2
1160,14
1161,12
1162,14
1163,9
1164,14
1165,8
1166,2
1167,8
1168,2
1169,4
1170,2
1171,8
1172,5
1173,10
1174,4
1175,10
1176,2
1177,2
1178,10
1179,13
1180,10
1181,2
1182,2
1183,10
1184,7
1185,9
1186,14
1187,14
1188,10
1189,10
1190,0
1191,0
1192,9
1193,1
1194,13
1195,9
1196,9
1197,2
1198,5
1199,7
1200,0
1201,11
1202,13
1203,10
1204,10
1205,10
1206,10
1207,8
1208,8
1209,6
1210,2
1211,12
1212,8
1213,9
1214,8
1215,0
1216,7
1217,6
1218,11
1219,8
1220,10
1221,8
1222,1
1223,10
1224,2
1225,5
1226,10
1227,0
1228,10
1229,13
1230,11
1231,10
1232,2
1233,10
1234,11
1235,10
1236,10
1237,13
1238,1
1239,2
1240,12
1241,14
1242,10
1243,2
1244,2
1245,2
1246,8
1247,0
1248,10
1249,8
1250,3
1251,10
1252,9
1253,9
1254,12
1255,2
1256,10
1257,10
1258,4
1259,5
1260,0
1261,7
1262,2
1263,12
1264,2
1265,10
1266,2
1267,4
1268,1
1269,11
1270,2
1271,0
1272,14
1273,2
1274,14
1275,12
1276,2
1277,10
1278,14
1279,4
1280,10
1281,2
1282,1
1283,2
1284,10
1285,1
1286,8
1287,11
1288,1
1289,10
1290,13
1291,1
1292,14
1293,11
1294,10
1295,10
1296,7
1297,7
1298,2
1299,4
1300,10
1301,1
1302,8
1303,0
1304,8
1305,8
1306,10
1307,0
1308,8
1309,4
1310,2
1311,10
1312,10
1313,9
1314,11
1315,2
1316,3
1317,11
1318,0
1319,11
1320,7
1321,4
1322,11
1323,10
1324,10
1325,2
1326,9
1327,13
1328,2
1329,0
1330,12
1331,10
1332,1
1333,1
1334,2
1335,5
1336,1
1337,10
1338,13
1339,1
1340,10
1341,14
1342,8
1343,10
1344,10
1345,10
1346,14
1347,4
1348,4
1349,2
1350,11
1351,9
1352,8
1353,2
1354,14
1355,6
1356,2
1357,9
1358,2
1359,12
1360,4
1361,14
1362,2
1363,5
1364,2
1365,2
1366,4
1367,11
1368,2
1369,10
1370,8
1371,2
1372,12
1373,2
1374,6
1375,10
1376,10
1377,2
1378,1
1379,10
1380,0
1381,11
1382,2
1383,11
1384,4
1385,10
1386,9
1387,2
1388,6
1389,7
1390,5
1391,11
1392,8
1393,8
1394,2
1395,10
1396,10
1397,5
1398,2
1399,0
1400,11
1401,2
1402,2
1403,5
1404,8
1405,10
1406,2
1407,10
1408,1
1409,2
1410,2
1411,2
1412,6
1413,2
1414,10
1415,7
1416,4
1417,10
1418,10
1419,2
1420,2
1421,2
1422,7
1423,10
1424,7
1425,10
1426,14
1427,5
1428,9
1429,10
1430,2
1431,0
1432,11
1433,10
1434,5
1435,0
1436,0
1437,12
1438,7
1439,11
1440,8
1441,2
1442,8
1443,12
1444,14
1445,5
1446,8
1447,0
1448,2
1449,10
1450,4
1451,13
1452,10
1453,6
1454,1
1455,7
1456,11
1457,2
1458,0
1459,5
1460,8
1461,4
1462,14
1463,2
1464,3
1465,12
1466,0
1467,14
1468,2
1469,2
1470,14
1471,14
1472,14
1473,10
1474,14
1475,10
1476,10
1477,0
1478,0
1479,1
1480,2
1481,2
1482,11
1483,10
1484,10
1485,0
1486,2
1487,10
1488,0
1489,5
1490,9
1491,2
1492,2
1493,10
1494,10
1495,12
1496,14
1497,2
1498,13
1499,9
1500,10
1501,6
1502,12
1503,10
1504,0
1505,10
1506,2
1507,9
1508,10
1509,5
1510,5
1511,9
1512,2
1513,14
1514,0
1515,2
1516,0
1517,11
1518,0
1519,10
1520,10
1521,0
1522,0
1523,7
1524,2
1525,7
1526,2
1527,10
1528,2
1529,0
1530,10
1531,10
1532,14
1533,2
1534,6
1535,2
1536,1
1537,2
1538,8
1539,10
1540,8
1541,2
1542,0
1543,10
1544,7
1545,6
1546,2
1547,0
1548,10
1549,8
1550,1
1551,7
1552,9
1553,5
1554,14
1555,6
1556,9
1557,14
1558,2
1559,1
1560,0
1561,8
1562,7
1563,4
1564,9
1565,4
1566,14
1567,4
1568,7
1569,2
1570,10
1571,2
1572,2
1573,10
1574,8
1575,1
1576,10
1577,2
1578,11
1579,10
1580,10
1581,12
1582,1
1583,2
1584,13
1585,2
1586,2
1587,6
1588,5
1589,5
1590,10
1591,6
1592,10
1593,8
1594,1
1595,2
1596,5
1597,14
1598,2
1599,2
1600,14
1601,2
1602,10
1603,13
1604,12
1605,2
1606,4
1607,10
1608,12
1609,8
1610,4
1611,10
1612,0
1613,4
1614,0
1615,7
1616,2
1617,2
1618,9
1619,5
1620,0
1621,10
1622,2
1623,0
1624,1
1625,10
1626,10
1627,10
1628,9
1629,2
1630,10
1631,11
1632,10
1633,2
1634,10
1635,9
1636,2
1637,10
1638,2
1639,9
1640,8
1641,2
1642,6
1643,13
1644,13
1645,2
1646,10
1647,1
1648,10
1649,2
1650,10
1651,2
1652,0
1653,14
1654,2
1655,0
1656,10
1657,4
1658,2
1659,5
1660,14
1661,10
1662,14
1663,10
1664,5
1665,2
1666,7
1667,0
1668,2
1669,7
1670,10
1671,10
1672,13
1673,10
1674,2
1675,10
1676,5
1677,1
1678,1
1679,2
1680,7
1681,2
1682,2
1683,6
1684,5
1685,14
1686,0
1687,10
1688,6
1689,12
1690,2
1691,1
1692,8
1693,2
1694,8
1695,2
1696,12
1697,14
1698,2
1699,6
1700,0
1701,5
1702,2
1703,14
1704,2
1705,9
1706,10
1707,0
1708,11
1709,14
1710,11
1711,13
1712,4
1713,2
1714,8
1715,11
1716,13
1717,10
1718,6
1719,2
1720,10
1721,14
1722,7
1723,9
1724,10
1725,10
1726,12
1727,11
1728,10
1729,8
1730,13
1731,0
1732,10
1733,2
1734,10
1735,14
1736,7
1737,2
1738,2
1739,1
1740,11
1741,1
1742,10
1743,5
1744,2
1745,13
1746,0
1747,4
1748,8
1749,8
1750,9
1751,0
1752,7
1753,12
1754,2
1755,10
1756,1
1757,10
1758,10
1759,3
1760,2
1761,0
1762,13
1763,2
1764,2
1765,13
1766,5
1767,11
1768,8
1769,12
1770,7
1771,9
1772,2
1773,14
1774,12
1775,0
1776,8
1777,11
1778,13
1779,8
1780,2
1781,2
1782,0
1783,11
1784,1
1785,2
1786,14
1787,2
1788,0
1789,11
1790,8
1791,10
1792,4
1793,6
1794,3
1795,5
1796,2
1797,8
1798,1
1799,10
1800,1
1801,10
1802,7
1803,13
1804,8
1805,13
1806,4
1807,8
1808,0
1809,11
1810,4
1811,10
1812,0
1813,0
1814,5
1815,11
1816,12
1817,6
1818,2
1819,2
1820,5
1821,0
1822,0
1823,10
1824,14
1825,4
1826,0
1827,10
1828,14
1829,10
1830,10
1831,2
1832,10
1833,13
1834,5
1835,10
1836,1
1837,2
1838,0
1839,2
1840,10
1841,2
1842,10
1843,0
1844,7
1845,4
1846,10
1847,1
1848,11
1849,4
1850,2
1851,10
1852,10
1853,6
1854,2
1855,2
1856,9
1857,14
1858,12
1859,2
1860,2
1861,8
1862,8
1863,1
1864,0
1865,14
1866,2
1867,1
1868,10
1869,0
1870,8
1871,7
1872,10
1873,12
1874,7
1875,10
1876,12
1877,2
1878,2
1879,12
1880,10
1881,0
1882,9
1883,10
1884,7
1885,9
1886,4
1887,10
1888,10
1889,9
1890,2
1891,11
1892,7
1893,10
1894,5
1895,10
1896,5
1897,14
1898,2
1899,8
1900,12
1901,0
1902,11
1903,2
1904,10
1905,9
1906,14
1907,10
1908,5
1909,2
1910,2
1911,10
1912,1
1913,10
1914,1
1915,5
1916,10
1917,9
1918,13
1919,12
1920,7
1921,4
1922,8
1923,10
1924,8
1925,10
1926,14
1927,0
1928,4
1929,12
1930,8
1931,6
1932,2
1933,3
1934,10
1935,13
1936,6
1937,8
1938,10
1939,14
1940,14
1941,3
1942,5
1943,2
1944,8
1945,5
1946,6
1947,10
1948,13
1949,10
1950,12
1951,0
1952,0
1953,11
1954,14
1955,8
1956,8
1957,6
1958,2
1959,10
1960,10
1961,10
1962,8
1963,10
1964,14
1965,2
1966,2
1967,2
1968,5
1969,9
1970,0
1971,10
1972,10
1973,6
1974,14
1975,0
1976,5
1977,7
1978,4
1979,10
1980,0
1981,2
1982,12
1983,12
1984,0
1985,1
1986,10
1987,10
1988,6
1989,12
1990,11
1991,0
1992,2
1993,9
1994,10
1995,12
1996,12
1997,5
1998,2
1999,2
2000,0
2001,10
2002,10
2003,4
2004,2
2005,4
2006,2
2007,2
2008,2
2009,3
2010,14
2011,10
2012,8
2013,6
2014,8
2015,0
2016,7
2017,2
2018,12
2019,2
2020,10
2021,14
2022,8
2023,9
2024,10
2025,5
2026,0
2027,8
2028,10
2029,0
2030,0
2031,11
2032,13
2033,10
2034,5
2035,10
2036,10
2037,2
2038,5
2039,1
2040,2
2041,10
2042,2
2043,1
2044,7
2045,14
2046,8
2047,0
2048,11
2049,11
2050,2
2051,10
2052,10
2053,2
2054,10
2055,9
2056,6
2057,10
2058,0
2059,2
2060,1
2061,0
2062,2
2063,10
2064,2
2065,10
2066,2
2067,2
2068,7
2069,5
2070,9
2071,10
2072,10
2073,2
2074,1
2075,8
2076,2
2077,2
2078,0
2079,12
2080,2
2081,4
2082,9
2083,8
2084,3
2085,2
2086,1
2087,8
2088,6
2089,1
2090,10
2091,13
2092,10
2093,12
2094,10
2095,2
2096,4
2097,2
2098,5
2099,11
2100,8
2101,5
2102,10
2103,10
2104,5
2105,2
2106,14
2107,2
2108,8
2109,0
2110,5
2111,0
2112,7
2113,12
2114,1
2115,8
2116,10
2117,8
2118,11
2119,11
2120,7
2121,1
2122,10
2123,11
2124,10
2125,10
2126,0
2127,9
2128,10
2129,2
2130,8
2131,14
2132,9
2133,7
2134,7
2135,7
2136,10
2137,9
2138,2
2139,11
2140,10
2141,9
2142,4
2143,4
2144,10
2145,9
2146,10
2147,10
2148,7
2149,0
2150,2
2151,8
2152,5
2153,2
2154,10
2155,2
2156,4
2157,7
2158,0
2159,2
2160,1
2161,10
2162,2
2163,2
2164,8
2165,1
2166,8
2167,10
2168,4
2169,2
2170,4
2171,7
2172,7
2173,2
2174,5
2175,8
2176,2
2177,1
2178,8
2179,8
2180,5
2181,7
2182,0
2183,14
2184,8
2185,12
2186,10
2187,10
2188,9
2189,2
2190,8
2191,2
2192,0
2193,12
2194,8
2195,7
2196,12
2197,11
2198,10
2199,4
2200,10
2201,8
2202,4
2203,0
2204,9
2205,2
2206,2
2207,9
2208,7
2209,4
2210,0
2211,1
2212,10
2213,10
2214,4
2215,5
2216,10
2217,1
2218,9
2219,2
2220,0
2221,2
2222,10
2223,13
2224,10
2225,13
2226,10
2227,2
2228,2
2229,14
2230,4
2231,10
2232,0
2233,14
2234,2
2235,14
2236,12
2237,14
2238,11
2239,4
2240,2
2241,10
2242,4
2243,2
2244,9
2245,10
2246,12
2247,3
2248,1
2249,14
2250,11
2251,4
2252,10
2253,13
2254,8
2255,2
2256,7
2257,2
2258,6
2259,2
2260,2
2261,12
2262,13
2263,8
2264,10
2265,10
2266,10
2267,5
2268,1
2269,5
2270,6
2271,1
2272,10
2273,12
2274,2
2275,0
2276,10
2277,10
2278,10
2279,14
2280,13
2281,14
2282,2
2283,2
2284,1
2285,0
2286,9
2287,4
2288,0
2289,5
2290,0
2291,11
2292,10
2293,0
2294,2
2295,0
2296,13
2297,2
2298,8
2299,11
2300,2
2301,9
2302,4
2303,0
2304,10
2305,11
2306,14
2307,2
2308,0
2309,10
2310,0
2311,14
2312,10
2313,6
2314,12
2315,10
2316,10
2317,5
2318,13
2319,2
2320,1
2321,9
2322,9
2323,4
2324,14
2325,4
2326,13
2327,4
2328,10
2329,8
2330,10
2331,10
2332,7
2333,2
2334,10
2335,0
2336,7
2337,11
2338,0
2339,10
2340,2
2341,5
2342,8
2343,10
2344,0
2345,11
2346,4
2347,1
2348,10
2349,2
2350,5
2351,0
2352,2
2353,13
2354,10
2355,8
2356,2
2357,10
2358,10
2359,2
2360,10
2361,8
2362,10
2363,8
2364,7
2365,0
2366,4
2367,0
2368,2
2369,0
2370,10
2371,11
2372,2
2373,10
2374,5
2375,1
2376,4
2377,10
2378,0
2379,13
2380,9
2381,8
2382,2
2383,10
2384,10
2385,1
2386,13
2387,8
2388,3
2389,11
2390,0
2391,11
2392,7
2393,8
2394,8
2395,5
2396,14
2397,0
2398,10
2399,10
2400,2
2401,2
2402,2
2403,14
2404,6
2405,0
2406,14
2407,10
2408,10
2409,2
2410,10
2411,11
2412,7
2413,0
2414,10
2415,3
2416,10
2417,2
2418,9
2419,8
2420,10
2421,10
2422,8
2423,12
2424,9
2425,0
2426,5
2427,14
2428,10
2429,5
2430,2
2431,0
2432,7
2433,8
2434,13
2435,10
2436,8
2437,0
2438,0
2439,0
2440,10
2441,10
2442,2
2443,4
2444,10
2445,10
2446,8
2447,9
2448,5
2449,2
2450,0
2451,10
2452,11
2453,2
2454,10
2455,0
2456,12
2457,2
2458,2
2459,0
2460,10
2461,10
2462,5
2463,11
2464,12
2465,7
2466,0
2467,12
2468,10
2469,10
2470,8
2471,12
2472,2
2473,10
2474,14
2475,2
2476,10
2477,2
2478,12
2479,10
2480,10
2481,7
2482,4
2483,8
2484,2
2485,11
2486,10
2487,9
2488,9
2489,2
2490,9
2491,2
2492,10
2493,7
2494,8
2495,11
2496,4
2497,9
2498,10
2499,14
2500,4
2501,10
2502,2
2503,5
2504,2
2505,2
2506,12
2507,2
2508,8
2509,9
2510,10
2511,2
2512,9
2513,14
2514,6
2515,14
2516,1
2517,0
2518,2
2519,9
2520,4
2521,2
2522,2
2523,2
2524,0
2525,2
2526,10
2527,10
2528,2
2529,1
2530,2
2531,2
2532,12
2533,7
2534,1
2535,10
2536,13
2537,14
2538,2
2539,0
2540,2
2541,0
2542,0
2543,1
2544,8
2545,9
2546,9
2547,10
2548,8
2549,8
2550,4
2551,12
2552,11
2553,2
2554,5
2555,0
2556,8
2557,7
2558,10
2559,10
2560,9
2561,2
2562,10
2563,8
2564,14
2565,8
2566,2
2567,1
2568,12
2569,8
2570,8
2571,6
2572,8
2573,2
2574,14
2575,0
2576,2
2577,0
2578,0
2579,2
2580,2
2581,2
2582,6
2583,2
2584,10
2585,2
2586,7
2587,8
2588,2
2589,10
2590,9
2591,8
2592,2
2593,9
2594,10
2595,11
2596,2
2597,1
2598,7
2599,10
2600,12
2601,10
2602,10
2603,12
2604,10
2605,2
2606,2
2607,2
2608,10
2609,10
2610,1
2611,10
2612,0
2613,2
2614,0
2615,1
2616,1
2617,7
2618,1
2619,10
2620,10
2621,4
2622,11
2623,9
2624,10
2625,10
2626,10
2627,7
2628,9
2629,14
2630,8
2631,9
2632,2
2633,2
2634,6
2635,7
2636,11
2637,6
2638,3
2639,2
2640,10
2641,2
2642,0
2643,2
2644,4
2645,9
2646,7
2647,4
2648,7
2649,4
2650,10
2651,2
2652,3
2653,10
2654,2
2655,8
2656,1
2657,8
2658,11
2659,8
2660,2
2661,10
2662,2
2663,2
2664,14
2665,10
2666,6
2667,11
2668,10
2669,10
2670,5
2671,10
2672,11
2673,4
2674,10
2675,14
2676,10
2677,2
2678,13
2679,2
2680,10
2681,2
2682,11
2683,4
2684,8
2685,11
2686,2
2687,0
2688,2
2689,10
2690,4
2691,5
2692,3
2693,0
2694,2
2695,2
2696,0
2697,3
2698,5
2699,0
2700,10
2701,1
2702,2
2703,10
2704,14
2705,11
2706,1
2707,0
2708,0
2709,7
2710,8
2711,2
2712,0
2713,7
2714,10
2715,0
2716,5
2717,2
2718,7
2719,10
2720,11
2721,10
2722,10
2723,1
2724,5
2725,2
2726,0
2727,10
2728,5
2729,10
2730,3
2731,8
2732,11
2733,8
2734,10
2735,2
2736,4
2737,10
2738,1
2739,10
2740,7
2741,6
2742,10
2743,1
2744,2
2745,8
2746,2
2747,0
2748,10
2749,2
2750,9
2751,10
2752,10
2753,12
2754,5
2755,5
2756,7
2757,2
2758,13
2759,1
2760,0
2761,7
2762,7
2763,4
2764,9
2765,8
2766,11
2767,4
2768,1
2769,11
2770,14
2771,11
2772,2
2773,14
2774,10
2775,14
2776,2
2777,2
2778,10
2779,2
2780,2
2781,14
2782,2
2783,2
2784,1
2785,9
2786,9
2787,11
2788,2
2789,4
2790,0
2791,12
2792,2
2793,10
2794,13
2795,2
2796,1
2797,1
2798,5
2799,2
2800,2
2801,2
2802,12
2803,9
2804,11
2805,10
2806,8
2807,7
2808,2
2809,9
2810,2
2811,8
2812,12
2813,2
2814,2
2815,10
2816,10
2817,12
2818,8
2819,11
2820,1
2821,8
2822,3
2823,9
2824,10
2825,7
2826,10
2827,8
2828,10
2829,8
2830,12
2831,2
2832,2
2833,10
2834,0
2835,7
2836,2
2837,10
2838,13
2839,11
2840,11
2841,2
2842,5
2843,10
2844,5
2845,10
2846,14
2847,11
2848,6
2849,7
2850,0
2851,10
2852,4
2853,10
2854,2
2855,10
2856,11
2857,10
2858,5
2859,9
2860,10
2861,1
2862,3
2863,0
2864,2
2865,0
2866,2
2867,4
2868,2
2869,0
2870,10
2871,14
2872,2
2873,10
2874,6
2875,10
2876,2
2877,2
2878,12
2879,2
2880,2
2881,10
2882,10
2883,9
2884,13
2885,10
2886,14
2887,10
2888,2
2889,4
2890,3
2891,10
2892,2
2893,10
2894,0
2895,11
2896,12
2897,0
2898,5
2899,12
2900,10
2901,12
2902,5
2903,8
2904,8
2905,10
2906,10
2907,4
2908,11
2909,12
2910,2
2911,0
2912,2
2913,14
2914,0
2915,2
2916,8
2917,11
2918,2
2919,5
2920,7
2921,10
2922,14
2923,1
2924,1
2925,10
2926,2
2927,12
2928,14
2929,10
2930,12
2931,14
2932,1
2933,2
2934,2
2935,9
2936,10
2937,10
2938,1
2939,4
2940,10
2941,13
2942,2
2943,10
2944,11
2945,14
2946,1
2947,12
2948,1
2949,9
2950,2
2951,14
2952,8
2953,5
2954,14
2955,2
2956,4
2957,10
2958,10
2959,1
2960,2
2961,8
2962,8
2963,11
2964,2
2965,2
2966,0
2967,8
2968,13
2969,4
2970,11
2971,13
2972,13
2973,0
2974,2
2975,3
2976,2
2977,5
2978,2
2979,1
2980,2
2981,9
2982,10
2983,0
2984,8
2985,10
2986,9
2987,10
2988,12
2989,10
2990,1
2991,4
2992,2
2993,0
2994,10
2995,10
2996,14
2997,11
2998,0
2999,7
3000,0
3001,11
3002,2
3003,1
3004,7
3005,10
3006,2
3007,13
3008,10
3009,5
3010,13
3011,5
3012,8
3013,3
3014,10
3015,9
3016,8
3017,10
3018,8
3019,8
3020,12
3021,4
3022,3
3023,9
3024,10
3025,10
3026,2
3027,10
3028,2
3029,2
3030,12
3031,8
3032,5
3033,7
3034,2
3035,2
3036,4
3037,1
3038,10
3039,14
3040,8
3041,2
3042,14
3043,5
3044,11
3045,11
3046,5
3047,12
3048,5
3049,2
3050,14
3051,7
3052,1
3053,4
3054,12
3055,8
3056,11
3057,8
3058,8
3059,5
3060,14
3061,8
3062,10
3063,2
3064,2
3065,13
3066,12
3067,7
3068,10
3069,14
3070,1
3071,8
3072,1
3073,5
3074,9
3075,0
3076,1
3077,2
3078,2
3079,3
3080,4
3081,6
3082,0
3083,11
3084,1
3085,4
3086,10
3087,11
3088,10
3089,10
3090,2
3091,10
3092,0
3093,10
3094,10
3095,2
3096,2
3097,9
3098,9
3099,9
3100,6
3101,2
3102,10
3103,10
3104,11
3105,2
3106,8
3107,0
3108,2
3109,2
3110,8
3111,8
3112,13
3113,10
3114,2
3115,1
3116,4
3117,0
3118,12
3119,10
3120,2
3121,13
3122,2
3123,2
3124,2
3125,0
3126,2
3127,10
3128,10
3129,10
3130,0
3131,8
3132,14
3133,2
3134,10
3135,2
3136,10
3137,7
3138,2
3139,1
3140,11
3141,13
3142,1
3143,7
3144,2
3145,8
3146,10
3147,2
3148,2
3149,2
3150,2
3151,1
3152,2
3153,2
3154,2
3155,4
3156,10
3157,0
3158,2
3159,8
3160,2
3161,0
3162,8
3163,14
3164,2
3165,10
3166,10
3167,2
3168,2
3169,5
3170,9
3171,10
3172,8
3173,8
3174,0
3175,8
3176,13
3177,11
3178,8
3179,10
3180,14
3181,12
3182,8
3183,8
3184,1
3185,2
3186,2
3187,10
3188,10
3189,2
3190,10
3191,10
3192,2
3193,4
3194,4
3195,1
3196,7
3197,2
3198,2
3199,2
3200,10
3201,10
3202,8
3203,7
3204,10
3205,10
3206,6
3207,11
3208,7
3209,10
3210,0
3211,10
3212,11
3213,0
3214,8
3215,0
3216,10
3217,7
3218,2
3219,10
3220,7
3221,2
3222,11
3223,9
3224,7
3225,2
3226,10
3227,2
3228,2
3229,7
3230,1
3231,2
3232,3
3233,0
3234,10
3235,10
3236,8
3237,4
3238,2
3239,2
3240,10
3241,2
3242,2
3243,2
3244,14
3245,7
3246,9
3247,10
3248,12
3249,7
3250,13
3251,7
3252,7
3253,2
3254,8
3255,1
3256,10
3257,14
3258,10
3259,10
3260,2
3261,8
3262,0
3263,8
3264,9
3265,10
3266,10
3267,4
3268,0
3269,6
3270,9
3271,10
3272,0
3273,14
3274,11
3275,11
3276,10
3277,2
3278,10
3279,2
3280,4
3281,1
3282,1
3283,2
3284,2
3285,12
3286,2
3287,12
3288,2
3289,7
3290,2
3291,7
3292,8
3293,4
3294,5
3295,5
3296,14
3297,9
3298,7
3299,2
3300,10
3301,10
3302,2
3303,9
3304,10
3305,11
3306,3
3307,5
3308,2
3309,2
3310,8
3311,2
3312,4
3313,14
3314,1
3315,0
3316,4
3317,5
3318,2
3319,2
3320,11
3321,4
3322,2
3323,10
3324,12
3325,4
3326,10
3327,10
3328,2
3329,0
3330,0
3331,0
3332,2
3333,8
3334,4
3335,2
3336,13
3337,4
3338,0
3339,7
3340,0
3341,11
3342,14
3343,10
3344,9
3345,4
3346,2
3347,12
3348,12
3349,2
3350,1
3351,10
3352,11
3353,9
3354,14
3355,9
3356,2
3357,6
3358,10
3359,0
3360,0
3361,10
3362,14
3363,0
3364,10
3365,10
3366,10
3367,9
3368,2
3369,8
3370,14
3371,10
3372,2
3373,10
3374,11
3375,0
3376,3
3377,8
3378,10
3379,14
3380,0
3381,4
3382,11
3383,10
3384,12
3385,2
3386,10
3387,1
3388,2
3389,4
3390,0
3391,7
3392,10
3393,10
3394,5
3395,2
3396,10
3397,10
3398,11
3399,10
3400,2
3401,10
3402,14
3403,8
3404,7
3405,12
3406,2
3407,10
3408,2
3409,2
3410,9
3411,0
3412,6
3413,6
3414,4
3415,2
3416,10
3417,8
3418,14
3419,10
3420,8
3421,14
3422,2
3423,1
3424,8
3425,1
3426,11
3427,2
3428,10
3429,2
3430,2
3431,10
3432,2
3433,2
3434,10
3435,10
3436,0
3437,0
3438,7
3439,7
3440,0
3441,2
3442,1
3443,2
3444,2
3445,4
3446,0
3447,2
3448,2
3449,9
3450,2
3451,2
3452,8
3453,0
3454,2
3455,0
3456,10
3457,0
3458,3
3459,7
3460,7
3461,8
3462,11
3463,14
3464,2
3465,7
3466,2
3467,2
3468,2
3469,10
3470,5
3471,10
3472,2
3473,2
3474,0
3475,7
3476,12
3477,10
3478,8
3479,2
3480,4
3481,2
3482,2
3483,14
3484,10
3485,0
3486,12
3487,0
3488,8
3489,5
3490,2
3491,10
3492,8
3493,8
3494,2
3495,10
3496,10
3497,10
3498,10
3499,6
3500,0
3501,8
3502,14
3503,10
3504,2
3505,14
3506,10
3507,5
3508,10
3509,10
3510,8
3511,11
3512,11
3513,2
3514,2
3515,7
3516,2
3517,1
3518,14
3519,10
3520,4
3521,4
3522,2
3523,14
3524,5
3525,0
3526,12
3527,0
3528,2
3529,2
3530,8
3531,10
3532,1
3533,8
3534,1
3535,10
3536,13
3537,9
3538,10
3539,4
3540,2
3541,11
3542,2
3543,14
3544,1
3545,2
3546,7
3547,0
3548,10
3549,2
3550,1
3551,6
3552,6
3553,1
3554,7
3555,10
3556,6
3557,6
3558,0
3559,14
3560,10
3561,10
3562,14
3563,2
3564,6
3565,10
3566,5
3567,8
3568,0
3569,10
3570,1
3571,8
3572,8
3573,11
3574,2
3575,2
3576,8
3577,6
3578,6
3579,3
3580,2
3581,2
3582,1
3583,10
3584,10
3585,10
3586,0
3587,8
3588,2
3589,11
3590,10
3591,14
3592,8
3593,6
3594,0
3595,9
3596,4
3597,8
3598,7
3599,12
3600,10
3601,2
3602,10
3603,4
3604,7
3605,10
3606,0
3607,2
3608,2
3609,9
3610,0
3611,9
3612,12
3613,2
3614,2
3615,10
3616,2
3617,10
3618,8
3619,10
3620,4
3621,13
3622,10
3623,0
3624,7
3625,10
3626,14
3627,1
3628,7
3629,2
3630,7
3631,9
3632,1
3633,7
3634,6
3635,13
3636,14
3637,11
3638,10
3639,3
3640,11
3641,2
3642,10
3643,2
3644,2
3645,2
3646,0
3647,10
3648,0
3649,8
3650,1
3651,10
3652,7
3653,2
3654,9
3655,7
3656,13
3657,4
3658,2
3659,7
3660,9
3661,2
3662,10
3663,11
3664,9
3665,2
3666,12
3667,6
3668,7
3669,2
3670,12
3671,7
3672,3
3673,13
3674,9
3675,14
3676,13
3677,14
3678,2
3679,8
3680,10
3681,14
3682,8
3683,2
3684,2
3685,10
3686,0
3687,10
3688,14
3689,11
3690,10
3691,10
3692,5
3693,5
3694,8
3695,9
3696,5
3697,12
3698,9
3699,2
3700,2
3701,5
3702,2
3703,2
3704,2
3705,0
3706,10
3707,0
3708,10
3709,13
3710,14
3711,4
3712,9
3713,13
3714,8
3715,2
3716,0
3717,11
3718,10
3719,0
3720,10
3721,12
3722,5
3723,2
3724,2
3725,2
3726,12
3727,2
3728,4
3729,11
3730,8
3731,10
3732,8
3733,2
3734,0
3735,2
3736,0
3737,8
3738,10
3739,2
3740,7
3741,8
3742,2
3743,8
3744,9
3745,2
3746,13
3747,8
3748,2
3749,2
3750,7
3751,2
3752,0
3753,13
3754,2
3755,9
3756,6
3757,10
3758,8
3759,12
3760,7
3761,10
3762,0
3763,10
3764,1
3765,10
3766,10
3767,11
3768,8
3769,7
3770,2
3771,7
3772,0
3773,2
3774,10
3775,10
3776,0
3777,7
3778,7
3779,2
3780,5
3781,14
3782,9
3783,6
3784,8
3785,7
3786,2
3787,11
3788,8
3789,5
3790,9
3791,9
3792,14
3793,7
3794,8
3795,11
3796,2
3797,14
3798,8
3799,8
3800,2
3801,2
3802,3
3803,10
3804,8
3805,10
3806,0
3807,6
3808,10
3809,4
3810,11
3811,1
3812,2
3813,2
3814,10
3815,2
3816,10
3817,12
3818,10
3819,8
3820,10
3821,6
3822,0
3823,10
3824,8
3825,2
3826,0
3827,9
3828,2
3829,1
3830,12
3831,9
3832,5
3833,6
3834,2
3835,7
3836,10
3837,7
3838,10
3839,2
3840,7
3841,10
3842,4
3843,8
3844,2
3845,2
3846,2
3847,9
3848,8
3849,0
3850,6
3851,5
3852,2
3853,7
3854,10
3855,2
3856,10
3857,10
3858,1
3859,7
3860,9
3861,2
3862,8
3863,1
3864,1
3865,7
3866,1
3867,1
3868,9
3869,4
3870,10
3871,10
3872,1
3873,2
3874,7
3875,1
3876,13
3877,2
3878,7
3879,7
3880,2
3881,2
3882,10
3883,14
3884,10
3885,2
3886,2
3887,0
3888,9
3889,10
3890,14
3891,2
3892,10
3893,10
3894,2
3895,10
3896,4
3897,8
3898,10
3899,10
3900,12
3901,10
3902,2
3903,14
3904,0
3905,10
3906,10
3907,0
3908,4
3909,8
3910,10
3911,0
3912,8
3913,2
3914,0
3915,1
3916,10
3917,8
3918,14
3919,9
3920,2
3921,10
3922,2
3923,5
3924,0
3925,2
3926,2
3927,10
3928,4
3929,3
3930,3
3931,12
3932,6
3933,0
3934,7
3935,10
3936,2
3937,4
3938,5
3939,2
3940,2
3941,8
3942,11
3943,2
3944,11
3945,10
3946,2
3947,2
3948,0
3949,10
3950,4
3951,1
3952,2
3953,11
3954,2
3955,2
3956,10
3957,9
3958,10
3959,2
3960,1
3961,5
3962,10
3963,10
3964,2
3965,2
3966,10
3967,14
3968,7
3969,4
3970,11
3971,9
3972,9
3973,2
3974,10
3975,1
3976,2
3977,8
3978,2
3979,2
3980,12
3981,1
3982,10
3983,1
3984,12
3985,10
3986,12
3987,10
3988,2
3989,4
3990,14
3991,11
3992,14
3993,5
3994,2
3995,1
3996,4
3997,2
3998,10
3999,5
4000,2
4001,8
4002,9
4003,2
4004,2
4005,14
4006,2
4007,14
4008,10
4009,6
4010,6
4011,10
4012,10
4013,14
4014,2
4015,11
4016,12
4017,10
4018,2
4019,13
4020,2
4021,2
4022,10
4023,10
4024,14
4025,10
4026,12
4027,0
4028,10
4029,1
4030,2
4031,8
4032,8
4033,2
4034,0
4035,2
4036,2
4037,10
4038,14
4039,10
4040,10
4041,10
4042,10
4043,7
4044,14
4045,0
4046,10
4047,8
4048,0
4049,10
4050,10
4051,1
4052,10
4053,14
4054,10
4055,0
4056,13
4057,7
4058,0
4059,4
4060,8
4061,2
4062,11
4063,2
4064,7
4065,10
4066,7
4067,2
4068,5
4069,0
4070,4
4071,2
4072,14
4073,8
4074,12
4075,6
4076,2
4077,7
4078,10
4079,0
4080,7
4081,13
4082,2
4083,2
4084,10
4085,2
4086,5
4087,10
4088,6
4089,2
4090,7
4091,9
4092,10
4093,2
4094,2
4095,7
4096,10
4097,10
4098,10
4099,10
4100,10
4101,10
4102,0
4103,10
4104,10
4105,7
4106,2
4107,2
4108,9
4109,2
4110,12
4111,10
4112,8
4113,10
4114,11
4115,7
4116,0
4117,13
4118,14
4119,12
4120,2
4121,0
4122,14
4123,2
4124,4
4125,8
4126,2
4127,10
4128,10
4129,1
4130,10
4131,2
4132,0
4133,0
4134,0
4135,10
4136,9
4137,10
4138,7
4139,14
4140,8
4141,2
4142,0
4143,2
4144,8
4145,8
4146,7
4147,2
4148,8
4149,6
4150,0
4151,8
4152,2
4153,2
4154,1
4155,10
4156,2
4157,10
4158,7
4159,7
4160,0
4161,5
4162,7
4163,4
4164,5
4165,7
4166,0
4167,4
4168,10
4169,1
4170,10
4171,10
4172,8
4173,6
4174,9
4175,2
4176,10
4177,10
4178,1
4179,14
4180,2
4181,2
4182,2
4183,10
4184,2
4185,11
4186,7
4187,6
4188,1
4189,9
4190,11
4191,1
4192,2
4193,10
4194,6
4195,8
4196,4
4197,14
4198,9
4199,10
4200,9
4201,10
4202,14
4203,5
4204,6
4205,6
4206,0
4207,10
4208,11
4209,0
4210,5
4211,7
4212,14
4213,4
4214,4
4215,2
4216,8
4217,7
4218,12
4219,8
4220,13
4221,2
4222,2
4223,10
4224,10
4225,10
4226,10
4227,4
4228,11
4229,2
4230,10
4231,10
4232,8
4233,12
4234,2
4235,10
4236,11
4237,6
4238,2
4239,5
4240,10
4241,2
4242,7
4243,10
4244,0
4245,1
4246,2
4247,10
4248,9
4249,2
4250,10
4251,7
4252,2
4253,5
4254,12
4255,8
4256,8
4257,2
4258,3
4259,7
4260,8
4261,2
4262,2
4263,0
4264,8
4265,10
4266,11
4267,2
4268,5
4269,2
4270,2
4271,8
4272,9
4273,1
4274,10
4275,14
4276,7
4277,2
4278,14
4279,2
4280,10
4281,13
4282,10
4283,8
4284,12
4285,2
4286,4
4287,2
4288,12
4289,2
4290,0
4291,10
4292,8
4293,2
4294,10
4295,2
4296,7
4297,14
4298,2
4299,0
4300,8
4301,2
4302,1
4303,1
4304,12
4305,4
4306,2
4307,5
4308,2
4309,10
4310,10
4311,2
4312,10
4313,2
4314,8
4315,10
4316,8
4317,10
4318,14
4319,2
4320,11
4321,8
4322,11
4323,7
4324,8
4325,8
4326,11
4327,10
4328,5
4329,8
4330,1
4331,10
4332,10
4333,2
4334,10
4335,2
4336,10
4337,10
4338,12
4339,7
4340,2
4341,0
4342,13
4343,8
4344,10
4345,12
4346,2
4347,8
4348,7
4349,10
4350,0
4351,0
4352,12
4353,9
4354,12
4355,11
4356,6
4357,2
4358,8
4359,7
4360,6
4361,10
4362,11
4363,14
4364,7
4365,2
4366,5
4367,7
4368,14
4369,11
4370,2
4371,11
4372,2
4373,5
4374,2
4375,2
4376,2
4377,5
4378,10
4379,11
4380,10
4381,9
4382,2
4383,6
4384,13
4385,14
4386,13
4387,2
4388,10
4389,8
4390,4
4391,2
4392,8
4393,8
4394,9
4395,2
4396,2
4397,12
4398,10
4399,11
4400,1
4401,9
4402,12
4403,5
4404,2
4405,11
4406,10
4407,0
4408,13
4409,10
4410,10
4411,14
4412,1
4413,2
4414,1
4415,12
4416,10
4417,14
4418,8
4419,4
4420,11
4421,2
4422,11
4423,2
4424,2
4425,2
4426,2
4427,13
4428,10
4429,1
4430,10
4431,4
4432,9
4433,5
4434,0
4435,2
4436,2
4437,7
4438,9
4439,10
4440,14
4441,10
4442,10
4443,12
4444,10
4445,0
4446,5
4447,10
4448,10
4449,10
4450,9
4451,8
4452,11
4453,6
4454,2
4455,4
4456,2
4457,8
4458,2
4459,2
4460,11
4461,7
4462,1
4463,2
4464,11
4465,2
4466,7
4467,2
4468,8
4469,2
4470,10
4471,2
4472,2
4473,2
4474,4
4475,12
4476,5
4477,2
4478,9
4479,14
4480,1
4481,7
4482,7
4483,2
4484,1
4485,0
4486,2
4487,12
4488,4
4489,2
4490,10
4491,11
4492,9
4493,2
4494,2
4495,7
4496,2
4497,2
4498,11
4499,0
4500,12
4501,7
4502,2
4503,3
4504,2
4505,4
4506,5
4507,7
4508,4
4509,5
4510,12
4511,8
4512,3
4513,4
4514,4
4515,10
4516,1
4517,6
4518,2
4519,10
4520,4
4521,14
4522,2
4523,12
4524,10
4525,2
4526,10
4527,10
4528,2
4529,1
4530,5
4531,8
4532,10
4533,2
4534,4
4535,9
4536,2
4537,10
4538,2
4539,12
4540,10
4541,1
4542,10
4543,5
4544,2
4545,5
4546,3
4547,8
4548,9
4549,0
4550,2
4551,2
4552,10
4553,4
4554,10
4555,4
4556,2
4557,0
4558,10
4559,2
4560,10
4561,13
4562,7
4563,12
4564,14
4565,2
4566,2
4567,11
4568,2
4569,0
4570,13
4571,11
4572,2
4573,2
4574,2
4575,10
4576,10
4577,9
4578,10
4579,6
4580,10
4581,9
4582,6
4583,2
4584,2
4585,7
4586,5
4587,6
4588,7
4589,9
4590,10
4591,8
4592,8
4593,10
4594,10
4595,2
4596,3
4597,10
4598,7
4599,8
4600,8
4601,10
4602,0
4603,10
4604,11
4605,14
4606,4
4607,8
4608,2
4609,11
4610,3
4611,1
4612,2
4613,10
4614,5
4615,2
4616,10
4617,2
4618,11
4619,10
4620,5
4621,9
4622,11
4623,14
4624,8
4625,12
4626,10
4627,6
4628,11
4629,9
4630,10
4631,6
4632,13
4633,7
4634,10
4635,10
4636,3
4637,2
4638,0
4639,6
4640,9
4641,7
4642,5
4643,14
4644,4
4645,12
4646,2
4647,1
4648,2
4649,5
4650,4
4651,0
4652,6
4653,2
4654,0
4655,8
4656,6
4657,2
4658,8
4659,0
4660,6
4661,10
4662,7
4663,14
4664,10
4665,10
4666,14
4667,7
4668,10
4669,14
4670,2
4671,0
4672,10
4673,2
4674,10
4675,2
4676,9
4677,10
4678,2
4679,8
4680,13
4681,5
4682,1
4683,2
4684,10
4685,7
4686,10
4687,2
4688,2
4689,2
4690,4
4691,10
4692,12
4693,11
4694,13
4695,0
4696,13
4697,10
4698,8
4699,10
4700,10
4701,2
4702,1
4703,10
4704,0
4705,2
4706,4
4707,10
4708,1
4709,9
4710,0
4711,14
4712,2
4713,2
4714,8
4715,2
4716,10
4717,9
4718,10
4719,6
4720,11
4721,2
4722,11
4723,8
4724,8
4725,6
4726,10
4727,4
4728,7
4729,10
4730,2
4731,10
4732,11
4733,0
4734,8
4735,10
4736,14
4737,10
4738,6
4739,0
4740,1
4741,10
4742,4
4743,11
4744,14
4745,10
4746,2
4747,5
4748,1
4749,14
4750,11
4751,10
4752,10
4753,14
4754,11
4755,2
4756,10
4757,2
4758,13
4759,7
4760,4
4761,7
4762,9
4763,0
4764,1
4765,8
4766,5
4767,2
4768,10
4769,2
4770,0
4771,8
4772,10
4773,2
4774,7
4775,3
4776,2
4777,4
4778,2
4779,7
4780,12
4781,2
4782,2
4783,2
4784,10
4785,10
4786,13
4787,5
4788,2
4789,2
4790,6
4791,0
4792,2
4793,13
4794,4
4795,14
4796,4
4797,10
4798,2
4799,0
4800,14
4801,2
4802,8
4803,7
4804,10
4805,10
4806,10
4807,11
4808,2
4809,4
4810,2
4811,7
4812,8
4813,3
4814,12
4815,2
4816,7
4817,10
4818,6
4819,14
4820,11
4821,7
4822,10
4823,1
4824,10
4825,0
4826,10
4827,7
4828,2
4829,2
4830,6
4831,10
4832,10
4833,7
4834,2
4835,5
4836,10
4837,0
4838,2
4839,1
4840,13
4841,10
4842,2
4843,9
4844,10
4845,11
4846,2
4847,7
4848,4
4849,10
4850,9
4851,6
4852,6
4853,13
4854,2
4855,2
4856,2
4857,0
4858,6
4859,2
4860,0
4861,10
4862,1
4863,10
4864,10
4865,10
4866,10
4867,10
4868,2
4869,8
4870,10
4871,2
4872,3
4873,2
4874,8
4875,12
4876,13
4877,10
4878,2
4879,6
4880,7
4881,10
4882,1
4883,7
4884,2
4885,10
4886,2
4887,10
4888,7
4889,2
4890,2
4891,10
4892,2
4893,9
4894,11
4895,5
4896,12
4897,2
4898,10
4899,9
4900,10
4901,1
4902,10
4903,5
4904,2
4905,2
4906,11
4907,0
4908,9
4909,10
4910,1
4911,14
4912,10
4913,10
4914,3
4915,5
4916,10
4917,12
4918,5
4919,12
4920,10
4921,10
4922,9
4923,6
4924,9
4925,11
4926,5
4927,5
4928,10
4929,2
4930,9
4931,10
4932,8
4933,7
4934,10
4935,14
4936,7
4937,0
4938,13
4939,8
4940,9
4941,1
4942,2
4943,9
4944,2
4945,2
4946,2
4947,12
4948,10
4949,10
4950,7
4951,12
4952,2
4953,9
4954,9
4955,0
4956,10
4957,2
4958,10
4959,7
4960,2
4961,10
4962,5
4963,10
4964,0
4965,6
4966,2
4967,11
4968,9
4969,10
4970,10
4971,8
4972,10
4973,8
4974,2
4975,2
4976,3
4977,8
4978,1
4979,11
4980,12
4981,8
4982,8
4983,0
4984,4
4985,7
4986,2
4987,2
4988,1
4989,14
4990,2
4991,0
4992,2
4993,10
4994,8
4995,3
4996,10
4997,10
4998,1
4999,10
5000,13
5001,2
5002,6
5003,10
5004,10
5005,1
5006,0
5007,10
5008,6
5009,9
5010,10
5011,2
5012,9
5013,13
5014,2
5015,1
5016,2
5017,10
5018,8
5019,2
5020,14
5021,1
5022,14
5023,0
5024,7
5025,11
5026,4
5027,1
5028,9
5029,10
5030,8
5031,10
5032,12
5033,10
5034,14
5035,10
5036,2
5037,2
5038,1
5039,4
5040,10
5041,10
5042,2
5043,2
5044,0
5045,7
5046,11
5047,14
5048,7
5049,0
5050,10
5051,2
5052,0
5053,10
5054,14
5055,14
5056,2
5057,2
5058,8
5059,2
5060,14
5061,2
5062,2
5063,10
5064,5
5065,7
5066,12
5067,10
5068,10
5069,10
5070,14
5071,2
5072,7
5073,2
5074,10
5075,14
5076,4
5077,2
5078,6
5079,5
5080,12
5081,7
5082,12
5083,11
5084,8
5085,2
5086,10
5087,1
5088,2
5089,2
5090,10
5091,12
5092,10
5093,12
5094,9
5095,8
5096,10
5097,3
5098,2
5099,8
5100,10
5101,14
5102,1
5103,0
5104,2
5105,2
5106,2
5107,1
5108,10
5109,7
5110,1
5111,5
5112,10
5113,1
5114,2
5115,7
5116,2
5117,11
5118,10
5119,12
5120,2
5121,8
5122,0
5123,1
5124,11
5125,10
5126,0
5127,8
5128,10
5129,10
5130,1
5131,2
5132,10
5133,10
5134,0
5135,0
5136,1
5137,7
5138,9
5139,10
5140,2
5141,0
5142,0
5143,10
5144,14
5145,0
5146,12
5147,0
5148,10
5149,11
5150,8
5151,2
5152,2
5153,0
5154,11
5155,1
5156,7
5157,5
5158,4
5159,8
5160,2
5161,14
5162,14
5163,7
5164,11
5165,10
5166,0
5167,5
5168,11
5169,4
5170,7
5171,7
5172,13
5173,10
5174,1
5175,0
5176,14
5177,7
5178,0
5179,8
5180,0
5181,10
5182,1
5183,12
5184,2
5185,10
5186,2
5187,10
5188,2
5189,10
5190,1
5191,2
5192,2
5193,5
5194,2
5195,8
5196,10
5197,0
5198,0
5199,2
5200,2
5201,2
5202,2
5203,10
5204,2
5205,3
5206,3
5207,2
5208,8
5209,5
5210,4
5211,0
5212,11
5213,1
5214,11
5215,7
5216,8
5217,8
5218,1
5219,2
5220,4
5221,6
5222,1
5223,10
5224,10
5225,2
5226,10
5227,10
5228,10
5229,13
5230,2
5231,9
5232,1
5233,2
5234,9
5235,1
5236,9
5237,1
5238,5
5239,10
5240,2
5241,5
5242,2
5243,2
5244,2
5245,9
5246,4
5247,10
5248,7
5249,2
5250,12
5251,10
5252,10
5253,10
5254,10
5255,2
5256,9
5257,14
5258,10
5259,10
5260,2
5261,2
5262,2
5263,11
5264,0
5265,10
5266,10
5267,7
5268,2
5269,10
5270,14
5271,6
5272,10
5273,8
5274,2
5275,11
5276,5
5277,1
5278,14
5279,2
5280,10
5281,1
5282,2
5283,5
5284,10
5285,10
5286,4
5287,12
5288,10
5289,13
5290,10
5291,10
5292,10
5293,2
5294,1
5295,8
5296,9
5297,0
5298,2
5299,2
5300,1
5301,0
5302,2
5303,6
5304,2
5305,8
5306,6
5307,12
5308,10
5309,8
5310,6
5311,2
5312,10
5313,0
5314,8
5315,0
5316,11
5317,2
5318,10
5319,0
5320,2
5321,4
5322,12
5323,8
5324,10
5325,2
5326,11
5327,2
5328,8
5329,5
5330,10
5331,4
5332,6
5333,2
5334,11
5335,10
5336,0
5337,11
5338,1
5339,2
5340,13
5341,10
5342,14
5343,4
5344,10
5345,13
5346,14
5347,10
5348,0
5349,14
5350,9
5351,4
5352,9
5353,10
5354,11
5355,10
5356,4
5357,10
5358,2
5359,10
5360,1
5361,9
5362,4
5363,2
5364,8
5365,4
5366,2
5367,9
5368,10
5369,14
5370,8
5371,2
5372,11
5373,10
5374,10
5375,12
5376,0
5377,2
5378,2
5379,12
5380,2
5381,12
5382,2
5383,2
5384,10
5385,2
5386,10
5387,7
5388,1
5389,13
5390,2
5391,2
5392,0
5393,8
5394,10
5395,10
5396,11
5397,1
5398,12
5399,7
5400,2
5401,11
5402,0
5403,5
5404,11
5405,1
5406,11
5407,10
5408,13
5409,14
5410,4
5411,12
5412,11
5413,5
5414,14
5415,9
5416,11
5417,8
5418,2
5419,9
5420,7
5421,0
5422,13
5423,2
5424,5
5425,7
5426,2
5427,1
5428,12
5429,1
5430,2
5431,10
5432,10
5433,10
5434,12
5435,8
5436,0
5437,10
5438,10
5439,8
5440,2
5441,8
5442,10
5443,2
5444,11
5445,8
5446,2
5447,10
5448,2
5449,7
5450,4
5451,0
5452,10
5453,11
5454,2
5455,2
5456,0
5457,0
5458,8
5459,10
5460,3
5461,11
5462,2
5463,10
5464,13
5465,1
5466,2
5467,13
5468,10
5469,0
5470,2
5471,1
5472,1
5473,2
5474,6
5475,12
5476,0
5477,2
5478,10
5479,6
5480,4
5481,2
5482,13
5483,4
5484,8
5485,10
5486,0
5487,2
5488,10
5489,6
5490,10
5491,6
5492,12
5493,5
5494,2
5495,2
5496,10
5497,2
5498,6
5499,14
5500,3
5501,7
5502,10
5503,10
5504,9
5505,9
5506,2
5507,13
5508,6
5509,10
5510,10
5511,11
5512,10
5513,8
5514,6
5515,12
5516,2
5517,10
5518,2
5519,0
5520,9
5521,7
5522,11
5523,5
5524,10
5525,14
5526,0
5527,7
5528,2
5529,10
5530,2
5531,0
5532,0
5533,13
5534,5
5535,2
5536,6
5537,8
5538,1
5539,4
5540,7
5541,2
5542,0
5543,13
5544,4
5545,8
5546,10
5547,10
5548,5
5549,0
5550,2
5551,13
5552,1
5553,13
5554,8
5555,0
5556,14
5557,8
5558,10
5559,9
5560,2
5561,4
5562,2
5563,2
5564,10
5565,10
5566,10
5567,1
5568,14
5569,2
5570,12
5571,10
5572,0
5573,10
5574,11
5575,2
5576,2
5577,5
5578,10
5579,8
5580,2
5581,10
5582,10
5583,14
5584,6
5585,10
5586,10
5587,10
5588,12
5589,0
5590,7
5591,0
5592,2
5593,12
5594,4
5595,10
5596,2
5597,7
5598,1
5599,10
5600,2
5601,2
5602,11
5603,0
5604,2
5605,10
5606,13
5607,14
5608,8
5609,10
5610,13
5611,5
5612,3
5613,2
5614,11
5615,0
5616,1
5617,10
5618,14
5619,9
5620,12
5621,14
5622,8
5623,14
5624,1
5625,10
5626,10
5627,14
5628,6
5629,13
5630,11
5631,6
5632,2
5633,8
5634,0
5635,10
5636,2
5637,2
5638,0
5639,8
5640,10
5641,14
5642,7
5643,0
5644,10
5645,10
5646,8
5647,10
5648,10
5649,2
5650,14
5651,2
5652,2
5653,2
5654,10
5655,7
5656,2
5657,10
5658,10
5659,10
5660,8
5661,0
5662,0
5663,10
5664,8
5665,6
5666,4
5667,6
5668,10
5669,14
5670,10
5671,2
5672,10
5673,2
5674,8
5675,8
5676,0
5677,4
5678,2
5679,10
5680,10
5681,0
5682,7
5683,2
5684,10
5685,2
5686,2
5687,10
5688,10
5689,10
5690,9
5691,8
5692,7
5693,4
5694,7
5695,11
5696,2
5697,2
5698,2
5699,4
5700,2
5701,11
5702,10
5703,2
5704,14
5705,2
5706,12
5707,10
5708,5
5709,2
5710,14
5711,5
5712,1
5713,4
5714,11
5715,8
5716,8
5717,7
5718,6
5719,2
5720,7
5721,7
5722,1
5723,2
5724,2
5725,13
5726,12
5727,0
5728,2
5729,4
5730,2
5731,2
5732,11
5733,5
5734,2
5735,3
5736,4
5737,12
5738,2
5739,2
5740,10
5741,10
5742,13
5743,8
5744,6
5745,6
5746,7
5747,10
5748,7
5749,10
5750,10
5751,10
5752,2
5753,11
5754,13
5755,5
5756,2
5757,10
5758,2
5759,2
5760,14
5761,2
5762,5
5763,2
5764,4
5765,1
5766,2
5767,12
5768,8
5769,14
5770,2
5771,10
5772,10
5773,2
5774,4
5775,14
5776,5
5777,7
5778,2
5779,8
5780,7
5781,1
5782,10
5783,4
5784,11
5785,11
5786,14
5787,1
5788,12
5789,10
5790,10
5791,10
5792,12
5793,4
5794,1
5795,0
5796,10
5797,2
5798,0
5799,10
5800,2
5801,0
5802,2
5803,8
5804,2
5805,5
5806,1
5807,2
5808,11
5809,9
5810,10
5811,5
5812,14
5813,10
5814,13
5815,6
5816,5
5817,7
5818,9
5819,1
5820,2
5821,0
5822,10
5823,0
5824,14
5825,10
5826,10
5827,7
5828,6
5829,2
5830,11
5831,10
5832,2
5833,8
5834,14
5835,9
5836,10
5837,10
5838,14
5839,14
5840,14
5841,10
5842,14
5843,14
5844,2
5845,8
5846,6
5847,10
5848,7
5849,10
5850,10
5851,10
5852,14
5853,2
5854,8
5855,6
5856,10
5857,12
5858,2
5859,14
5860,2
5861,12
5862,0
5863,0
5864,8
5865,0
5866,14
5867,5
5868,7
5869,14
5870,4
5871,7
5872,11
5873,7
5874,10
5875,2
5876,2
5877,1
5878,12
5879,0
5880,10
5881,14
5882,9
5883,8
5884,11
5885,10
5886,5
5887,8
5888,0
5889,7
5890,7
5891,13
5892,2
5893,10
5894,10
5895,12
5896,10
5897,3
5898,2
5899,0
5900,2
5901,14
5902,13
5903,14
5904,11
5905,0
5906,4
5907,8
5908,2
5909,11
5910,14
5911,11
5912,4
5913,9
5914,8
5915,0
5916,2
5917,10
5918,6
5919,14
5920,2
5921,13
5922,10
5923,10
5924,10
5925,11
5926,2
5927,14
5928,9
5929,10
5930,2
5931,8
5932,7
5933,3
5934,8
5935,10
5936,4
5937,5
5938,0
5939,10
5940,10
5941,2
5942,8
5943,6
5944,5
5945,10
5946,11
5947,9
5948,12
5949,11
5950,14
5951,2
5952,2
5953,1
5954,2
5955,14
5956,14
5957,10
5958,1
5959,1
5960,12
5961,0
5962,2
5963,10
5964,8
5965,8
5966,10
5967,0
5968,2
5969,8
5970,10
5971,9
5972,9
5973,2
5974,2
5975,14
5976,4
5977,8
5978,1
5979,1
5980,2
5981,14
5982,2
5983,8
5984,0
5985,11
5986,10
5987,10
5988,5
5989,2
5990,1
5991,14
5992,0
5993,8
5994,10
5995,8
5996,10
5997,2
5998,4
5999,0
6000,3
6001,2
6002,0
6003,8
6004,14
6005,11
6006,0
6007,11
6008,2
6009,2
6010,2
6011,10
6012,10
6013,10
6014,10
6015,2
6016,2
6017,8
6018,14
6019,0
6020,10
6021,2
6022,10
6023,2
6024,10
6025,7
6026,11
6027,0
6028,8
6029,2
6030,7
6031,8
6032,11
6033,2
6034,5
6035,10
6036,10
6037,2
6038,10
6039,12
6040,11
6041,14
6042,10
6043,7
6044,6
6045,9
6046,9
6047,11
6048,0
6049,10
6050,14
6051,2
6052,0
6053,12
6054,14
6055,13
6056,0
6057,10
6058,14
6059,14
6060,2
6061,10
6062,10
6063,5
6064,8
6065,10
6066,10
6067,11
6068,8
6069,4
6070,10
6071,5
6072,10
6073,2
6074,2
6075,12
6076,9
6077,10
6078,11
6079,0
6080,10
6081,1
6082,4
6083,14
6084,9
6085,5
6086,8
6087,9
6088,6
6089,2
6090,1
6091,11
6092,2
6093,13
6094,0
6095,7
6096,12
6097,0
6098,12
6099,2
6100,1
6101,2
6102,11
6103,8
6104,1
6105,4
6106,0
6107,10
6108,10
6109,5
6110,13
6111,2
6112,12
6113,10
6114,8
6115,2
6116,9
6117,3
6118,5
6119,14
6120,14
6121,1
6122,2
6123,14
6124,0
6125,9
6126,5
6127,2
6128,0
6129,2
6130,10
6131,2
6132,10
6133,8
6134,0
6135,10
6136,10
6137,9
6138,4
6139,14
6140,10
6141,5
6142,8
6143,2
6144,1
6145,1
6146,9
6147,9
6148,14
6149,10
6150,2
6151,4
6152,9
6153,7
6154,4
6155,8
6156,2
6157,10
6158,1
6159,8
6160,8
6161,7
6162,8
6163,0
6164,4
6165,4
6166,6
6167,7
6168,10
6169,9
6170,7
6171,9
6172,11
6173,8
6174,8
6175,10
6176,2
6177,12
6178,12
6179,0
6180,8
6181,2
6182,14
6183,10
6184,2
6185,4
6186,1
6187,2
6188,2
6189,10
6190,4
6191,10
6192,2
6193,2
6194,8
6195,7
6196,1
6197,11
6198,13
6199,8
6200,7
6201,10
6202,0
6203,2
6204,4
6205,2
6206,11
6207,14
6208,12
6209,11
6210,8
6211,2
6212,12
6213,4
6214,10
6215,10
6216,9
6217,8
6218,3
6219,0
6220,7
6221,8
6222,2
6223,10
6224,1
6225,9
6226,14
6227,11
6228,4
6229,8
6230,10
6231,10
6232,12
6233,2
6234,10
6235,6
6236,10
6237,10
6238,9
6239,0
6240,14
6241,2
6242,10
6243,10
6244,8
6245,5
6246,1
6247,10
6248,2
6249,4
6250,10
6251,0
6252,14
6253,10
6254,2
6255,2
6256,2
6257,2
6258,9
6259,5
6260,8
6261,2
6262,8
6263,0
6264,2
6265,2
6266,9
6267,8
6268,2
6269,13
6270,14
6271,0
6272,6
6273,4
6274,7
6275,14
6276,9
6277,14
6278,11
6279,0
6280,11
6281,11
6282,11
6283,0
6284,11
6285,2
6286,0
6287,10
6288,11
6289,4
6290,12
6291,2
6292,3
6293,0
6294,8
6295,11
6296,2
6297,7
6298,2
6299,2
6300,2
6301,10
6302,0
6303,1
6304,14
6305,10
6306,8
6307,2
6308,6
6309,12
6310,8
6311,2
6312,5
6313,0
6314,0
6315,8
6316,2
6317,9
6318,13
6319,11
6320,5
6321,2
6322,2
6323,6
6324,10
6325,9
6326,10
6327,12
6328,2
6329,5
6330,11
6331,2
6332,12
6333,8
6334,5
6335,0
6336,2
6337,8
6338,6
6339,11
6340,2
6341,10
6342,14
6343,2
6344,10
6345,4
6346,10
6347,10
6348,14
6349,7
6350,3
6351,1
6352,10
6353,10
6354,10
6355,0
6356,7
6357,10
6358,4
6359,2
6360,2
6361,10
6362,9
6363,9
6364,10
6365,9
6366,10
6367,10
6368,4
6369,9
6370,2
6371,10
6372,4
6373,10
6374,10
6375,10
6376,7
6377,10
6378,12
6379,2
6380,10
6381,1
6382,10
6383,4
6384,2
6385,10
6386,2
6387,4
6388,8
6389,2
6390,0
6391,10
6392,7
6393,4
6394,2
6395,0
6396,11
6397,0
6398,8
6399,10
6400,10
6401,14
6402,2
6403,6
6404,2
6405,7
6406,14
6407,5
6408,11
6409,2
6410,4
6411,2
6412,7
6413,12
6414,2
6415,11
6416,10
6417,0
6418,10
6419,7
6420,8
6421,2
6422,5
6423,14
6424,10
6425,10
6426,1
6427,4
6428,0
6429,9
6430,4
6431,11
6432,2
6433,2
6434,8
6435,14
6436,2
6437,6
6438,10
6439,2
6440,2
6441,6
6442,8
6443,1
6444,4
6445,8
6446,0
6447,3
6448,10
6449,10
6450,10
6451,2
6452,6
6453,2
6454,2
6455,10
6456,10
6457,2
6458,0
6459,10
6460,10
6461,2
6462,1
6463,14
6464,5
6465,2
6466,2
6467,5
6468,2
6469,0
6470,12
6471,10
6472,2
6473,13
6474,8
6475,14
6476,2
6477,10
6478,10
6479,2
6480,4
6481,11
6482,12
6483,7
6484,2
6485,10
6486,13
6487,12
6488,8
6489,3
6490,4
6491,11
6492,0
6493,2
6494,2
6495,10
6496,10
6497,13
6498,0
6499,8
6500,7
6501,14
6502,10
6503,4
6504,7
6505,9
6506,0
6507,0
6508,8
6509,9
6510,12
6511,2
6512,10
6513,7
6514,0
6515,13
6516,10
6517,10
6518,10
6519,0
6520,2
6521,10
6522,11
6523,0
6524,12
6525,13
6526,7
6527,7
6528,2
6529,8
6530,12
6531,2
6532,8
6533,5
6534,0
6535,2
6536,10
6537,10
6538,9
6539,10
6540,0
6541,1
6542,14
6543,12
6544,2
6545,14
6546,5
6547,4
6548,0
6549,10
6550,10
6551,1
6552,9
6553,14
6554,1
6555,8
6556,7
6557,2
6558,9
6559,1
6560,13
6561,5
6562,12
6563,0
6564,2
6565,6
6566,10
6567,9
6568,1
6569,0
6570,10
6571,2
6572,10
6573,1
6574,6
6575,1
6576,3
6577,4
6578,8
6579,2
6580,5
6581,0
6582,10
6583,4
6584,0
6585,13
6586,10
6587,2
6588,14
6589,8
6590,7
6591,10
6592,10
6593,8
6594,10
6595,8
6596,14
6597,1
6598,0
6599,2
6600,1
6601,10
6602,2
6603,2
6604,0
6605,12
6606,10
6607,11
6608,0
6609,14
6610,11
6611,10
6612,13
6613,0
6614,2
6615,1
6616,12
6617,0
6618,5
6619,2
6620,10
6621,2
6622,2
6623,14
6624,7
6625,1
6626,0
6627,2
6628,6
6629,0
6630,0
6631,2
6632,8
6633,7
6634,0
6635,8
6636,10
6637,10
6638,0
6639,9
6640,5
6641,2
6642,2
6643,2
6644,12
6645,0
6646,8
6647,10
6648,8
6649,4
6650,8
6651,4
6652,9
6653,9
6654,9
6655,11
6656,5
6657,11
6658,2
6659,14
6660,11
6661,2
6662,10
6663,14
6664,8
6665,13
6666,0
6667,2
6668,9
6669,8
6670,2
6671,4
6672,0
6673,2
6674,1
6675,2
6676,3
6677,10
6678,2
6679,7
6680,8
6681,14
6682,13
6683,6
6684,10
6685,7
6686,10
6687,11
6688,10
6689,8
6690,0
6691,0
6692,14
6693,10
6694,2
6695,10
6696,10
6697,4
6698,11
6699,7
6700,9
6701,0
6702,2
6703,1
6704,1
6705,0
6706,9
6707,14
6708,9
6709,7
6710,10
6711,8
6712,6
6713,9
6714,1
6715,2
6716,2
6717,9
6718,11
6719,11
6720,0
6721,10
6722,0
6723,13
6724,10
6725,13
6726,2
6727,2
6728,10
6729,2
6730,4
6731,4
6732,5
6733,0
6734,10
6735,1
6736,14
6737,6
6738,10
6739,8
6740,6
6741,11
6742,9
6743,4
6744,11
6745,14
6746,8
6747,8
6748,9
6749,10
6750,10
6751,9
6752,10
6753,14
6754,13
6755,8
6756,10
6757,10
6758,2
6759,10
6760,2
6761,8
6762,14
6763,10
6764,2
6765,11
6766,14
6767,2
6768,9
6769,4
6770,3
6771,12
6772,10
6773,2
6774,8
6775,2
6776,8
6777,1
6778,1
6779,2
6780,2
6781,10
6782,2
6783,10
6784,4
6785,14
6786,9
6787,10
6788,7
6789,11
6790,2
6791,12
6792,9
6793,2
6794,9
6795,2
6796,14
6797,0
6798,11
6799,14
6800,12
6801,8
6802,9
6803,0
6804,12
6805,10
6806,2
6807,10
6808,0
6809,9
6810,4
6811,5
6812,12
6813,0
6814,9
6815,10
6816,5
6817,7
6818,8
6819,8
6820,10
6821,4
6822,10
6823,11
6824,9
6825,5
6826,4
6827,10
6828,2
6829,9
6830,7
6831,10
6832,7
6833,10
6834,5
6835,9
6836,12
6837,0
6838,4
6839,6
6840,2
6841,6
6842,11
6843,12
6844,1
6845,11
6846,14
6847,12
6848,2
6849,5
6850,11
6851,7
6852,11
6853,14
6854,14
6855,9
6856,0
6857,4
6858,10
6859,2
6860,2
6861,2
6862,8
6863,0
6864,4
6865,2
6866,2
6867,4
6868,10
6869,2
6870,10
6871,0
6872,0
6873,9
6874,10
6875,2
6876,8
6877,3
6878,2
6879,2
6880,10
6881,14
6882,10
6883,10
6884,0
6885,12
6886,7
6887,0
6888,9
6889,13
6890,2
6891,12
6892,10
6893,2
6894,10
6895,9
6896,1
6897,8
6898,2
6899,4
6900,10
6901,0
6902,2
6903,0
6904,12
6905,5
6906,10
6907,12
6908,0
6909,10
6910,4
6911,2
6912,5
6913,7
6914,11
6915,12
6916,11
6917,7
6918,2
6919,10
6920,14
6921,5
6922,11
6923,10
6924,2
6925,10
6926,10
6927,10
6928,10
6929,14
6930,7
6931,7
6932,10
6933,1
6934,7
6935,10
6936,4
6937,13
6938,2
6939,7
6940,1
6941,13
6942,11
6943,2
6944,5
6945,1
6946,2
6947,1
6948,10
6949,10
6950,4
6951,4
6952,12
6953,8
6954,0
6955,4
6956,5
6957,10
6958,1
6959,14
6960,1
6961,2
6962,8
6963,10
6964,10
6965,10
6966,13
6967,14
6968,9
6969,10
6970,10
6971,14
6972,10
6973,12
6974,13
6975,9
6976,1
6977,2
6978,10
6979,7
6980,0
6981,9
6982,11
6983,0
6984,1
6985,14
6986,11
6987,10
6988,12
6989,14
6990,12
6991,2
6992,2
6993,12
6994,14
6995,10
6996,5
6997,12
6998,10
6999,10
7000,10
7001,0
7002,10
7003,1
7004,5
7005,7
7006,7
7007,6
7008,7
7009,10
7010,2
7011,1
7012,10
7013,10
7014,2
7015,10
7016,10
7017,8
7018,4
7019,4
7020,11
7021,10
7022,0
7023,0
7024,1
7025,1
7026,12
7027,11
7028,2
7029,5
7030,2
7031,8
7032,6
7033,13
7034,7
7035,8
7036,11
7037,12
7038,4
7039,8
7040,2
7041,9
7042,2
7043,10
7044,5
7045,10
7046,7
7047,14
7048,2
7049,9
7050,0
7051,2
7052,8
7053,10
7054,4
7055,9
7056,13
7057,2
7058,14
7059,6
7060,10
7061,8
7062,10
7063,2
7064,0
7065,7
7066,7
7067,8
7068,0
7069,10
7070,5
7071,10
7072,7
7073,0
7074,5
7075,13
7076,10
7077,2
7078,14
7079,6
7080,9
7081,2
7082,0
7083,5
7084,11
7085,11
7086,10
7087,5
7088,10
7089,0
7090,14
7091,6
7092,4
7093,1
7094,4
7095,9
7096,0
7097,4
7098,2
7099,2
7100,9
7101,10
7102,5
7103,1
7104,1
7105,1
7106,2
7107,4
7108,2
7109,14
7110,1
7111,2
7112,5
7113,0
7114,4
7115,2
7116,9
7117,14
7118,2
7119,0
7120,2
7121,10
7122,2
7123,10
7124,11
7125,2
7126,14
7127,9
7128,7
7129,0
7130,9
7131,11
7132,8
7133,2
7134,6
7135,10
7136,2
7137,9
7138,2
7139,8
7140,10
7141,2
7142,2
7143,10
7144,2
7145,6
7146,9
7147,5
7148,2
7149,11
7150,2
7151,8
7152,3
7153,2
7154,13
7155,10
7156,11
7157,2
7158,7
7159,2
7160,14
7161,13
7162,2
7163,2
7164,4
7165,2
7166,8
7167,10
7168,0
7169,4
7170,7
7171,2
7172,11
7173,10
7174,14
7175,10
7176,12
7177,10
7178,14
7179,2
7180,12
7181,13
7182,4
7183,5
7184,4
7185,10
7186,14
7187,8
7188,10
7189,8
7190,2
7191,7
7192,2
7193,0
7194,0
7195,3
7196,14
7197,10
7198,10
7199,2
7200,13
7201,0
7202,5
7203,2
7204,10
7205,1
7206,0
7207,10
7208,2
7209,11
7210,0
7211,2
7212,2
7213,9
7214,1
7215,2
7216,9
7217,8
7218,1
7219,0
7220,10
7221,8
7222,10
7223,10
7224,10
7225,2
7226,11
7227,2
7228,10
7229,2
7230,7
7231,5
7232,2
7233,1
7234,4
7235,3
7236,1
7237,0
7238,7
7239,10
7240,10
7241,10
7242,14
7243,10
7244,10
7245,0
7246,2
7247,13
7248,2
7249,10
7250,2
7251,2
7252,14
7253,2
7254,9
7255,2
7256,9
7257,14
7258,11
7259,12
7260,7
7261,2
7262,14
7263,2
7264,8
7265,4
7266,8
7267,2
7268,1
7269,12
7270,10
7271,10
7272,5
7273,2
7274,7
7275,2
7276,3
7277,14
7278,14
7279,2
7280,3
7281,10
7282,14
7283,10
7284,14
7285,4
7286,1
7287,2
7288,0
7289,14
7290,10
7291,0
7292,12
7293,7
7294,8
7295,10
7296,10
7297,2
7298,7
7299,14
7300,2
7301,1
7302,10
7303,7
7304,11
7305,0
7306,14
7307,7
7308,1
7309,10
7310,10
7311,2
7312,11
7313,1
7314,2
7315,0
7316,0
7317,12
7318,1
7319,7
7320,14
7321,10
7322,10
7323,4
7324,2
7325,4
7326,5
7327,5
7328,11
7329,4
7330,2
7331,7
7332,2
7333,14
7334,2
7335,13
7336,2
7337,7
7338,11
7339,2
7340,0
7341,10
7342,8
7343,0
7344,1
7345,8
7346,8
7347,10
7348,7
7349,10
7350,2
7351,10
7352,8
7353,8
7354,2
7355,4
7356,8
7357,9
7358,2
7359,10
7360,0
7361,1
7362,13
7363,14
7364,10
7365,10
7366,0
7367,2
7368,11
7369,7
7370,4
7371,14
7372,14
7373,4
7374,0
7375,14
7376,10
7377,10
7378,10
7379,10
7380,1
7381,1
7382,2
7383,10
7384,14
7385,4
7386,12
7387,10
7388,10
7389,12
7390,2
7391,11
7392,7
7393,10
7394,10
7395,4
7396,10
7397,14
7398,8
7399,10
7400,8
7401,10
7402,9
7403,2
7404,2
7405,0
7406,13
7407,10
7408,12
7409,10
7410,10
7411,6
7412,1
7413,9
7414,5
7415,0
7416,2
7417,14
7418,8
7419,10
7420,3
7421,11
7422,10
7423,12
7424,11
7425,10
7426,7
7427,0
7428,9
7429,10
7430,10
7431,2
7432,2
7433,12
7434,10
7435,11
7436,8
7437,6
7438,4
7439,7
7440,11
7441,0
7442,8
7443,6
7444,10
7445,10
7446,2
7447,1
7448,14
7449,10
7450,10
7451,6
7452,2
7453,2
7454,14
7455,1
7456,11
7457,8
7458,0
7459,0
7460,10
7461,14
7462,2
7463,8
7464,10
7465,9
7466,2
7467,12
7468,11
7469,10
7470,1
7471,2
7472,7
7473,11
7474,10
7475,5
7476,12
7477,0
7478,12
7479,10
7480,13
7481,10
7482,8
7483,10
7484,14
7485,2
7486,0
7487,14
7488,10
7489,8
7490,2
7491,10
7492,13
7493,4
7494,7
7495,12
7496,9
7497,2
7498,10
7499,11
7500,9
7501,6
7502,12
7503,2
7504,9
7505,10
7506,11
7507,10
7508,2
7509,0
7510,10
7511,10
7512,9
7513,0
7514,12
7515,10
7516,10
7517,0
7518,10
7519,10
7520,2
7521,10
7522,8
7523,13
7524,0
7525,10
7526,10
7527,13
7528,5
7529,2
7530,9
7531,7
7532,0
7533,12
7534,0
7535,0
7536,11
7537,14
7538,1
7539,14
7540,10
7541,13
7542,2
7543,8
7544,2
7545,2
7546,4
7547,6
7548,5
7549,8
7550,10
7551,8
7552,5
7553,10
7554,14
7555,1
7556,12
7557,2
7558,8
7559,14
7560,8
7561,2
7562,8
7563,0
7564,5
7565,1
7566,14
7567,10
7568,9
7569,5
7570,4
7571,0
7572,2
7573,8
7574,10
7575,0
7576,9
7577,13
7578,2
7579,8
7580,10
7581,5
7582,13
7583,6
7584,10
7585,14
7586,2
7587,10
7588,4
7589,10
7590,9
7591,8
7592,8
7593,8
7594,8
7595,14
7596,5
7597,2
7598,13
7599,5
7600,8
7601,11
7602,5
7603,10
7604,9
7605,9
7606,11
7607,0
7608,4
7609,10
7610,5
7611,7
7612,10
7613,2
7614,7
7615,2
7616,10
7617,10
7618,10
7619,8
7620,7
7621,2
7622,8
7623,4
7624,0
7625,4
7626,5
7627,10
7628,4
7629,8
7630,2
7631,4
7632,4
7633,12
7634,1
7635,14
7636,2
7637,11
7638,2
7639,6
7640,10
7641,10
7642,10
7643,0
7644,5
7645,10
7646,11
7647,10
7648,10
7649,2
7650,12
7651,1
7652,10
7653,10
7654,8
7655,2
7656,2
7657,10
7658,0
7659,1
7660,13
7661,10
7662,0
7663,2
7664,8
7665,11
7666,5
7667,12
7668,10
7669,0
7670,10
7671,7
7672,2
7673,7
7674,9
7675,5
7676,10
7677,6
7678,10
7679,1
7680,10
7681,10
7682,2
7683,10
7684,4
7685,0
7686,9
7687,10
7688,2
7689,0
7690,10
7691,2
7692,0
7693,9
7694,10
7695,7
7696,2
7697,0
7698,2
7699,2
7700,12
7701,14
7702,11
7703,7
7704,7
7705,1
7706,2
7707,14
7708,10
7709,10
7710,5
7711,5
7712,10
7713,12
7714,0
7715,11
7716,10
7717,12
7718,5
7719,1
7720,8
7721,14
7722,9
7723,4
7724,2
7725,1
7726,14
7727,2
7728,10
7729,13
7730,11
7731,12
7732,2
7733,1
7734,9
7735,4
7736,6
7737,5
7738,2
7739,1
7740,10
7741,10
7742,9
7743,2
7744,10
7745,11
7746,12
7747,2
7748,2
7749,10
7750,5
7751,2
7752,14
7753,4
7754,0
7755,10
7756,13
7757,5
7758,10
7759,9
7760,2
7761,5
7762,1
7763,0
7764,2
7765,5
7766,0
7767,10
7768,8
7769,12
7770,8
7771,10
7772,2
7773,14
7774,5
7775,8
7776,14
7777,10
7778,2
7779,8
7780,8
7781,11
7782,0
7783,10
7784,2
7785,2
7786,10
7787,4
7788,8
7789,1
7790,2
7791,10
7792,6
7793,2
7794,2
7795,10
7796,13
7797,4
7798,0
7799,11
7800,2
7801,7
7802,2
7803,10
7804,2
7805,1
7806,10
7807,2
7808,6
7809,14
7810,2
7811,10
7812,10
7813,14
7814,8
7815,2
7816,10
7817,2
7818,10
7819,11
7820,2
7821,11
7822,8
7823,8
7824,8
7825,4
7826,11
7827,10
7828,4
7829,2
7830,2
7831,10
7832,9
7833,10
7834,8
7835,10
7836,9
7837,14
7838,0
7839,10
7840,14
7841,13
7842,9
7843,12
7844,0
7845,2
7846,2
7847,7
7848,2
7849,8
7850,0
7851,4
7852,0
7853,8
7854,2
7855,0
7856,4
7857,10
7858,14
7859,0
7860,2
7861,6
7862,2
7863,2
7864,2
7865,4
7866,10
7867,2
7868,10
7869,12
7870,14
7871,0
7872,1
7873,9
7874,2
7875,2
7876,2
7877,7
7878,10
7879,2
7880,10
7881,10
7882,10
7883,7
7884,10
7885,13
7886,5
7887,10
7888,2
7889,14
7890,2
7891,7
7892,10
7893,10
7894,14
7895,8
7896,2
7897,5
7898,10
7899,14
7900,8
7901,0
7902,10
7903,0
7904,2
7905,10
7906,2
7907,10
7908,10
7909,10
7910,12
7911,9
7912,10
7913,6
7914,9
7915,0
7916,10
7917,10
7918,1
7919,7
7920,2
7921,10
7922,10
7923,9
7924,7
7925,10
7926,8
7927,0
7928,10
7929,7
7930,0
7931,11
7932,0
7933,5
7934,10
7935,12
7936,7
7937,7
7938,7
7939,2
7940,2
7941,13
7942,1
7943,5
7944,10
7945,2
7946,4
7947,7
7948,2
7949,2
7950,8
7951,10
7952,1
7953,2
7954,12
7955,0
7956,8
7957,10
7958,11
7959,0
7960,10
7961,6
7962,6
7963,8
7964,7
7965,14
7966,2
7967,10
7968,10
7969,13
7970,1
7971,10
7972,7
7973,10
7974,8
7975,5
7976,0
7977,2
7978,13
7979,8
7980,2
7981,14
7982,3
7983,2
7984,2
7985,7
7986,10
7987,7
7988,7
7989,14
7990,11
7991,10
7992,10
7993,12
7994,4
7995,10
7996,10
7997,7
7998,5
7999,1
8000,9
8001,7
8002,7
8003,14
8004,1
8005,10
8006,2
8007,8
8008,10
8009,9
8010,2
8011,10
8012,2
8013,2
8014,4
8015,10
8016,8
8017,1
8018,10
8019,1
8020,2
8021,12
8022,2
8023,11
8024,14
8025,9
8026,2
8027,7
8028,12
8029,10
8030,14
8031,12
8032,2
8033,10
8034,10
8035,10
8036,2
8037,3
8038,12
8039,8
8040,13
8041,4
8042,2
8043,1
8044,12
8045,10
8046,10
8047,2
8048,2
8049,14
8050,11
8051,2
8052,10
8053,2
8054,10
8055,10
8056,0
8057,11
8058,8
8059,10
8060,7
8061,10
8062,3
8063,11
8064,8
8065,7
8066,13
8067,2
8068,12
8069,11
8070,6
8071,8
8072,2
8073,1
8074,14
8075,3
8076,4
8077,2
8078,14
8079,2
8080,1
8081,10
8082,4
8083,9
8084,11
8085,10
8086,8
8087,10
8088,11
8089,10
8090,9
8091,10
8092,7
8093,2
8094,2
8095,10
8096,7
8097,14
8098,5
8099,0
8100,8
8101,11
8102,1
8103,12
8104,2
8105,14
8106,7
8107,11
8108,0
8109,8
8110,7
8111,10
8112,4
8113,2
8114,10
8115,0
8116,2
8117,10
8118,8
8119,9
8120,14
8121,9
8122,0
8123,9
8124,14
8125,8
8126,13
8127,6
8128,7
8129,0
8130,0
8131,6
8132,5
8133,2
8134,10
8135,0
8136,10
8137,9
8138,10
8139,10
8140,9
8141,2
8142,1
8143,4
8144,10
8145,9
8146,10
8147,7
8148,10
8149,14
8150,2
8151,10
8152,8
8153,2
8154,2
8155,2
8156,9
8157,1
8158,14
8159,5
8160,2
8161,1
8162,9
8163,11
8164,14
8165,10
8166,10
8167,14
8168,2
8169,14
8170,7
8171,10
8172,14
8173,11
8174,2
8175,2
8176,1
8177,7
8178,0
8179,5
8180,2
8181,10
8182,0
8183,5
8184,13
8185,12
8186,10
8187,11
8188,10
8189,2
8190,1
8191,9
8192,10
8193,2
8194,8
8195,10
8196,2
8197,5
8198,10
8199,10
8200,10
8201,10
8202,12
8203,10
8204,10
8205,5
8206,5
8207,4
8208,14
8209,8
8210,2
8211,9
8212,7
8213,0
8214,8
8215,10
8216,2
8217,1
8218,14
8219,11
8220,2
8221,10
8222,14
8223,2
8224,7
8225,10
8226,12
8227,10
8228,10
8229,14
8230,7
8231,10
8232,10
8233,13
8234,12
8235,7
8236,2
8237,2
8238,0
8239,1
8240,14
8241,8
8242,1
8243,1
8244,12
8245,0
8246,0
8247,1
8248,10
8249,14
8250,4
8251,7
8252,7
8253,1
8254,6
8255,8
8256,1
8257,11
8258,11
8259,11
8260,14
8261,2
8262,11
8263,12
8264,11
8265,3
8266,0
8267,12
8268,12
8269,2
8270,14
8271,9
8272,9
8273,14
8274,2
8275,0
8276,10
8277,2
8278,6
8279,2
8280,2
8281,4
8282,10
8283,11
8284,8
8285,7
8286,14
8287,14
8288,2
8289,4
8290,11
8291,9
8292,2
8293,2
8294,2
8295,3
8296,2
8297,1
8298,0
8299,14
8300,10
8301,11
8302,10
8303,10
8304,0
8305,2
8306,10
8307,13
8308,12
8309,2
8310,4
8311,9
8312,8
8313,2
8314,8
8315,14
8316,10
8317,2
8318,4
8319,10
8320,14
8321,2
8322,2
8323,0
8324,2
8325,6
8326,8
8327,9
8328,0
8329,14
8330,1
8331,2
8332,10
8333,7
8334,7
8335,8
8336,4
8337,10
8338,14
8339,10
8340,10
8341,7
8342,9
8343,1
8344,7
8345,11
8346,1
8347,8
8348,11
8349,13
8350,0
8351,8
8352,0
8353,10
8354,10
8355,5
8356,14
8357,10
8358,10
8359,0
8360,4
8361,10
8362,2
8363,3
8364,14
8365,6
8366,2
8367,2
8368,7
8369,0
8370,0
8371,2
8372,1
8373,2
8374,12
8375,5
8376,8
8377,2
8378,13
8379,6
8380,2
8381,7
8382,10
8383,9
8384,11
8385,3
8386,0
8387,9
8388,2
8389,2
8390,10
8391,8
8392,14
8393,0
8394,13
8395,8
8396,10
8397,6
8398,11
8399,5
8400,2
8401,2
8402,10
8403,5
8404,4
8405,10
8406,10
8407,2
8408,10
8409,4
8410,2
8411,2
8412,10
8413,5
8414,2
8415,12
8416,4
8417,4
8418,8
8419,8
8420,9
8421,0
8422,0
8423,14
8424,0
8425,14
8426,1
8427,10
8428,9
8429,2
8430,8
8431,7
8432,12
8433,8
8434,7
8435,10
8436,2
8437,8
8438,10
8439,10
8440,12
8441,2
8442,7
8443,8
8444,8
8445,2
8446,8
8447,2
8448,0
8449,7
8450,2
8451,10
8452,9
8453,10
8454,8
8455,13
8456,13
8457,10
8458,10
8459,2
8460,2
8461,1
8462,10
8463,10
8464,10
8465,2
8466,10
8467,3
8468,1
8469,7
8470,2
8471,7
8472,10
8473,8
8474,9
8475,10
8476,11
8477,13
8478,2
8479,10
8480,10
8481,5
8482,0
8483,2
8484,0
8485,2
8486,2
8487,2
8488,2
8489,10
8490,5
8491,2
8492,7
8493,2
8494,10
8495,2
8496,10
8497,11
8498,10
8499,10
8500,2
8501,1
8502,12
8503,10
8504,9
8505,10
8506,2
8507,2
8508,10
8509,2
8510,14
8511,5
8512,1
8513,10
8514,2
8515,6
8516,14
8517,12
8518,2
8519,1
8520,14
8521,0
8522,2
8523,2
8524,2
8525,10
8526,8
8527,10
8528,9
8529,8
8530,8
8531,9
8532,0
8533,7
8534,1
8535,10
8536,3
8537,4
8538,10
8539,0
8540,12
8541,9
8542,2
8543,7
8544,4
8545,9
8546,2
8547,4
8548,10
8549,14
8550,14
8551,0
8552,9
8553,14
8554,10
8555,2
8556,11
8557,0
8558,0
8559,4
8560,14
8561,10
8562,10
8563,10
8564,8
8565,7
8566,4
8567,4
8568,7
8569,10
8570,2
8571,14
8572,9
8573,12
8574,5
8575,2
8576,9
8577,9
8578,11
8579,10
8580,1
8581,10
8582,1
8583,1
8584,1
8585,10
8586,9
8587,2
8588,0
8589,8
8590,8
8591,11
8592,2
8593,10
8594,2
8595,11
8596,10
8597,2
8598,7
8599,12
8600,10
8601,2
8602,10
8603,12
8604,8
8605,2
8606,10
8607,2
8608,10
8609,2
8610,9
8611,10
8612,2
8613,10
8614,9
8615,2
8616,1
8617,11
8618,2
8619,14
8620,7
8621,7
8622,8
8623,9
8624,1
8625,7
8626,2
8627,13
8628,12
8629,12
8630,12
8631,13
8632,1
8633,4
8634,8
8635,10
8636,10
8637,5
8638,10
8639,2
8640,14
8641,0
8642,0
8643,10
8644,14
8645,11
8646,2
8647,2
8648,0
8649,10
8650,5
8651,10
8652,5
8653,2
8654,14
8655,1
8656,9
8657,10
8658,0
8659,2
8660,13
8661,9
8662,1
8663,8
8664,2
8665,10
8666,9
8667,2
8668,1
8669,4
8670,10
8671,12
8672,8
8673,8
8674,2
8675,2
8676,0
8677,10
8678,14
8679,2
8680,8
8681,10
8682,14
8683,5
8684,2
8685,7
8686,0
8687,13
8688,3
8689,10
8690,10
8691,7
8692,2
8693,2
8694,2
8695,10
8696,2
8697,2
8698,2
8699,2
8700,0
8701,2
8702,0
8703,8
8704,10
8705,10
8706,7
8707,2
8708,2
8709,7
8710,7
8711,2
8712,7
8713,4
8714,6
8715,2
8716,5
8717,14
8718,7
8719,2
8720,2
8721,10
8722,12
8723,2
8724,2
8725,10
8726,8
8727,10
8728,10
8729,2
8730,8
8731,2
8732,0
8733,11
8734,14
8735,2
8736,14
8737,1
8738,2
8739,11
8740,13
8741,10
8742,12
8743,10
8744,4
8745,14
8746,10
8747,9
8748,4
8749,11
8750,0
8751,3
8752,14
8753,7
8754,2
8755,10
8756,10
8757,2
8758,12
8759,10
8760,2
8761,10
8762,2
8763,1
8764,11
8765,9
8766,10
8767,12
8768,6
8769,5
8770,10
8771,1
8772,2
8773,9
8774,10
8775,7
8776,8
8777,10
8778,1
8779,12
8780,2
8781,2
8782,10
8783,2
8784,1
8785,10
8786,7
8787,2
8788,9
8789,2
8790,2
8791,0
8792,10
8793,10
8794,14
8795,2
8796,2
8797,2
8798,2
8799,10
8800,10
8801,13
8802,13
8803,5
8804,9
8805,2
8806,10
8807,10
8808,4
8809,8
8810,5
8811,2
8812,14
8813,2
8814,10
8815,9
8816,10
8817,4
8818,10
8819,10
8820,2
8821,2
8822,13
8823,5
8824,10
8825,14
8826,2
8827,12
8828,12
8829,2
8830,8
8831,9
8832,8
8833,4
8834,2
8835,0
8836,0
8837,2
8838,0
8839,2
8840,11
8841,6
8842,1
8843,11
8844,6
8845,10
8846,10
8847,10
8848,2
8849,0
8850,9
8851,14
8852,10
8853,12
8854,14
8855,2
8856,10
8857,0
8858,7
8859,7
8860,2
8861,10
8862,10
8863,7
8864,10
8865,7
8866,11
8867,11
8868,4
8869,12
8870,1
8871,10
8872,8
8873,10
8874,0
8875,10
8876,2
8877,9
8878,0
8879,11
8880,7
8881,8
8882,11
8883,10
8884,2
8885,4
8886,1
8887,9
8888,0
8889,2
8890,10
8891,2
8892,10
8893,14
8894,6
8895,2
8896,14
8897,2
8898,14
8899,9
8900,12
8901,10
8902,12
8903,0
8904,14
8905,10
8906,11
8907,4
8908,0
8909,10
8910,2
8911,9
8912,2
8913,9
8914,7
8915,2
8916,10
8917,10
8918,10
8919,0
8920,10
8921,7
8922,2
8923,11
8924,2
8925,9
8926,10
8927,10
8928,11
8929,1
8930,12
8931,13
8932,8
8933,2
8934,9
8935,10
8936,2
8937,10
8938,8
8939,10
8940,8
8941,12
8942,4
8943,10
8944,10
8945,0
8946,5
8947,2
8948,10
8949,4
8950,10
8951,14
8952,6
8953,11
8954,2
8955,10
8956,7
8957,1
8958,10
8959,1
8960,5
8961,10
8962,8
8963,8
8964,2
8965,12
8966,14
8967,10
8968,9
8969,10
8970,10
8971,7
8972,10
8973,7
8974,2
8975,12
8976,1
8977,10
8978,10
8979,14
8980,0
8981,8
8982,11
8983,10
8984,10
8985,7
8986,9
8987,10
8988,10
8989,2
8990,10
8991,7
8992,0
8993,7
8994,2
8995,10
8996,10
8997,10
8998,6
8999,11
9000,10
9001,6
9002,3
9003,8
9004,10
9005,6
9006,10
9007,12
9008,9
9009,11
9010,7
9011,8
9012,10
9013,14
9014,0
9015,10
9016,2
9017,0
9018,8
9019,7
9020,8
9021,2
9022,1
9023,8
9024,10
9025,10
9026,9
9027,5
9028,5
9029,2
9030,11
9031,4
9032,2
9033,9
9034,7
9035,11
9036,14
9037,2
9038,8
9039,8
9040,1
9041,10
9042,12
9043,11
9044,2
9045,2
9046,8
9047,0
9048,10
9049,10
9050,4
9051,9
9052,10
9053,10
9054,0
9055,10
9056,8
9057,14
9058,8
9059,4
9060,10
9061,5
9062,3
9063,12
9064,10
9065,8
9066,10
9067,12
9068,14
9069,14
9070,10
9071,8
9072,2
9073,4
9074,9
9075,9
9076,1
9077,2
9078,0
9079,12
9080,8
9081,14
9082,2
9083,13
9084,6
9085,12
9086,2
9087,7
9088,10
9089,11
9090,0
9091,13
9092,11
9093,10
9094,11
9095,4
9096,2
9097,10
9098,0
9099,9
9100,0
9101,7
9102,10
9103,9
9104,13
9105,10
9106,2
9107,10
9108,8
9109,10
9110,2
9111,2
9112,13
9113,14
9114,0
9115,7
9116,2
9117,1
9118,0
9119,12
9120,8
9121,2
9122,2
9123,12
9124,10
9125,10
9126,10
9127,7
9128,5
9129,10
9130,10
9131,13
9132,9
9133,1
9134,1
9135,8
9136,12
9137,2
9138,8
9139,2
9140,4
9141,10
9142,11
9143,0
9144,4
9145,2
9146,9
9147,5
9148,10
9149,9
9150,11
9151,7
9152,10
9153,10
9154,4
9155,2
9156,2
9157,10
9158,10
9159,7
9160,6
9161,1
9162,0
9163,14
9164,8
9165,11
9166,4
9167,10
9168,2
9169,10
9170,12
9171,0
9172,10
9173,14
9174,8
9175,2
9176,1
9177,2
9178,8
9179,8
9180,0
9181,10
9182,10
9183,2
9184,13
9185,10
9186,0
9187,10
9188,13
9189,14
9190,11
9191,10
9192,10
9193,8
9194,1
9195,2
9196,9
9197,2
9198,2
9199,0
9200,10
9201,9
9202,13
9203,4
9204,13
9205,2
9206,4
9207,14
9208,2
9209,4
9210,2
9211,14
9212,14
9213,2
9214,10
9215,10
9216,8
9217,10
9218,10
9219,10
9220,0
9221,10
9222,2
9223,7
9224,2
9225,11
9226,10
9227,9
9228,2
9229,10
9230,10
9231,4
9232,10
9233,8
9234,1
9235,1
9236,2
9237,2
9238,4
9239,2
9240,8
9241,13
9242,10
9243,10
9244,2
9245,0
9246,10
9247,2
9248,3
9249,2
9250,2
9251,13
9252,10
9253,14
9254,5
9255,1
9256,5
9257,10
9258,2
9259,13
9260,11
9261,12
9262,9
9263,11
9264,1
9265,2
9266,2
9267,0
9268,10
9269,4
9270,2
9271,10
9272,8
9273,13
9274,8
9275,13
9276,2
9277,10
9278,10
9279,8
9280,7
9281,2
9282,10
9283,13
9284,0
9285,12
9286,10
9287,13
9288,10
9289,8
9290,14
9291,8
9292,2
9293,1
9294,2
9295,5
9296,9
9297,3
9298,14
9299,7
9300,14
9301,8
9302,2
9303,9
9304,14
9305,1
9306,10
9307,1
9308,3
9309,2
9310,14
9311,10
9312,14
9313,14
9314,14
9315,10
9316,8
9317,2
9318,1
9319,8
9320,4
9321,11
9322,2
9323,7
9324,7
9325,7
9326,10
9327,1
9328,11
9329,2
9330,5
9331,10
9332,14
9333,8
9334,10
9335,8
9336,2
9337,11
9338,11
9339,14
9340,2
9341,0
9342,2
9343,14
9344,7
9345,10
9346,0
9347,6
9348,10
9349,8
9350,10
9351,11
9352,10
9353,14
9354,5
9355,1
9356,12
9357,2
9358,10
9359,5
9360,0
9361,14
9362,13
9363,10
9364,10
9365,6
9366,2
9367,12
9368,5
9369,7
9370,10
9371,12
9372,8
9373,8
9374,9
9375,10
9376,10
9377,10
9378,2
9379,9
9380,1
9381,7
9382,14
9383,4
9384,2
9385,8
9386,2
9387,2
9388,5
9389,2
9390,2
9391,1
9392,12
9393,2
9394,10
9395,11
9396,11
9397,7
9398,10
9399,5
9400,10
9401,7
9402,8
9403,13
9404,10
9405,10
9406,2
9407,7
9408,2
9409,9
9410,10
9411,14
9412,2
9413,4
9414,2
9415,13
9416,2
9417,7
9418,4
9419,6
9420,9
9421,13
9422,14
9423,4
9424,11
9425,8
9426,14
9427,1
9428,8
9429,14
9430,7
9431,2
9432,11
9433,1
9434,4
9435,8
9436,2
9437,0
9438,10
9439,7
9440,9
9441,4
9442,5
9443,12
9444,6
9445,12
9446,9
9447,10
9448,9
9449,10
9450,2
9451,1
9452,9
9453,14
9454,2
9455,0
9456,14
9457,1
9458,11
9459,2
9460,2
9461,0
9462,0
9463,14
9464,12
9465,6
9466,8
9467,3
9468,2
9469,2
9470,9
9471,10
9472,7
9473,7
9474,4
9475,10
9476,0
9477,10
9478,13
9479,10
9480,6
9481,2
9482,2
9483,5
9484,6
9485,2
9486,9
9487,11
9488,11
9489,9
9490,11
9491,2
9492,7
9493,0
9494,11
9495,0
9496,0
9497,11
9498,1
9499,9
9500,1
9501,6
9502,0
9503,14
9504,4
9505,4
9506,8
9507,10
9508,10
9509,10
9510,11
9511,2
9512,11
9513,4
9514,2
9515,2
9516,2
9517,10
9518,4
9519,11
9520,4
9521,1
9522,10
9523,2
9524,14
9525,10
9526,10
9527,13
9528,5
9529,14
9530,5
9531,10
9532,10
9533,10
9534,10
9535,14
9536,12
9537,14
9538,4
9539,11
9540,5
9541,13
9542,3
9543,0
9544,14
9545,10
9546,2
9547,2
9548,0
9549,10
9550,0
9551,8
9552,1
9553,2
9554,1
9555,2
9556,10
9557,2
9558,8
9559,10
9560,1
9561,1
9562,13
9563,2
9564,2
9565,2
9566,0
9567,10
9568,8
9569,1
9570,13
9571,2
9572,2
9573,8
9574,0
9575,4
9576,14
9577,2
9578,4
9579,13
9580,0
9581,2
9582,7
9583,2
9584,1
9585,2
9586,9
9587,10
9588,12
9589,5
9590,9
9591,11
9592,7
9593,2
9594,2
9595,1
9596,2
9597,2
9598,7
9599,1
9600,2
9601,2
9602,10
9603,11
9604,8
9605,0
9606,2
9607,8
9608,10
9609,14
9610,10
9611,10
9612,2
9613,0
9614,10
9615,10
9616,10
9617,8
9618,1
9619,2
9620,2
9621,0
9622,4
9623,0
9624,2
9625,10
9626,8
9627,2
9628,8
9629,14
9630,7
9631,2
9632,10
9633,10
9634,2
9635,2
9636,5
9637,11
9638,4
9639,1
9640,1
9641,8
9642,10
9643,9
9644,0
9645,0
9646,2
9647,2
9648,7
9649,2
9650,2
9651,10
9652,2
9653,10
9654,2
9655,2
9656,10
9657,7
9658,8
9659,8
9660,2
9661,7
9662,8
9663,5
9664,8
9665,2
9666,8
9667,2
9668,8
9669,11
9670,0
9671,10
9672,2
9673,2
9674,10
9675,7
9676,1
9677,2
9678,2
9679,12
9680,4
9681,5
9682,2
9683,11
9684,1
9685,9
9686,10
9687,1
9688,10
9689,9
9690,14
9691,0
9692,2
9693,8
9694,4
9695,10
9696,10
9697,10
9698,10
9699,0
9700,10
9701,9
9702,10
9703,1
9704,0
9705,9
9706,2
9707,9
9708,8
9709,8
9710,2
9711,7
9712,2
9713,2
9714,4
9715,14
9716,10
9717,0
9718,5
9719,2
9720,6
9721,14
9722,9
9723,10
9724,12
9725,5
9726,2
9727,8
9728,2
9729,2
9730,2
9731,2
9732,0
9733,5
9734,0
9735,0
9736,10
9737,2
9738,10
9739,10
9740,2
9741,10
9742,8
9743,11
9744,14
9745,9
9746,5
9747,10
9748,4
9749,10
9750,0
9751,9
9752,10
9753,10
9754,2
9755,2
9756,13
9757,10
9758,10
9759,2
9760,12
9761,10
9762,10
9763,2
9764,0
9765,2
9766,9
9767,10
9768,2
9769,14
9770,2
9771,14
9772,7
9773,5
9774,5
9775,2
9776,14
9777,8
9778,11
9779,7
9780,8
9781,4
9782,0
9783,2
9784,14
9785,12
9786,2
9787,10
9788,10
9789,14
9790,1
9791,13
9792,1
9793,9
9794,2
9795,12
9796,2
9797,10
9798,2
9799,7
9800,14
9801,10
9802,10
9803,2
9804,0
9805,9
9806,8
9807,9
9808,9
9809,13
9810,5
9811,7
9812,14
9813,10
9814,1
9815,2
9816,13
9817,1
9818,10
9819,10
9820,2
9821,4
9822,1
9823,6
9824,0
9825,6
9826,8
9827,10
9828,10
9829,0
9830,10
9831,4
9832,8
9833,9
9834,0
9835,10
9836,9
9837,5
9838,9
9839,13
9840,8
9841,8
9842,10
9843,12
9844,10
9845,2
9846,9
9847,2
9848,14
9849,9
9850,11
9851,2
9852,2
9853,0
9854,6
9855,10
9856,1
9857,7
9858,4
9859,9
9860,10
9861,12
9862,2
9863,8
9864,10
9865,1
9866,9
9867,11
9868,10
9869,5
9870,10
9871,10
9872,14
9873,9
9874,2
9875,8
9876,7
9877,2
9878,7
9879,11
9880,2
9881,1
9882,8
9883,1
9884,2
9885,10
9886,2
9887,8
9888,0
9889,7
9890,9
9891,5
9892,10
9893,10
9894,0
9895,13
9896,4
9897,10
9898,11
9899,12
9900,6
9901,2
9902,8
9903,8
9904,2
9905,10
9906,5
9907,14
9908,0
9909,2
9910,1
9911,8
9912,12
9913,5
9914,0
9915,2
9916,10
9917,6
9918,6
9919,10
9920,10
9921,4
9922,0
9923,8
9924,13
9925,2
9926,2
9927,5
9928,5
9929,10
9930,2
9931,2
9932,9
9933,2
9934,0
9935,11
9936,10
9937,2
9938,11
9939,2
9940,6
9941,8
9942,7
9943,9
9944,0
9945,8
9946,14
9947,12
9948,10
9949,2
9950,10
9951,8
9952,6
9953,9
9954,5
9955,2
9956,14
9957,13
9958,10
9959,10
9960,4
9961,10
9962,1
9963,12
9964,7
9965,8
9966,2
9967,10
9968,2
9969,12
9970,5
9971,8
9972,2
9973,2
9974,1
9975,1
9976,2
9977,10
9978,11
9979,2
9980,12
9981,2
9982,10
9983,10
9984,10
9985,0
9986,10
9987,10
9988,10
9989,2
9990,5
9991,2
9992,1
9993,10
9994,10
9995,10
9996,7
9997,10
9998,10
9999,2
