algorithm,version,threads,runtime_seconds,speedup,efficiency,checksum,correctness,schedule,workload_name,dataset,labels,clusters,features,iterations,repeat,fuzziness,objective
fuzzy-cmeans,sequential,1,1.235,1.0,1.0,9800018.400011387,reference,static,paper_2d_200000_k8_it5_r1_m2p0,D:\AutoCluster-OMP\datasets\paper_gaussian\paper_2d_200000.csv,D:\AutoCluster-OMP\datasets\paper_gaussian\paper_2d_200000_cluster_labels.csv,8,2,5,1,2.0,5372266.831606277
fuzzy-cmeans,manual,1,1.224999905,1.0081633434902186,1.0081633434902186,9800018.400011387,pass,static,paper_2d_200000_k8_it5_r1_m2p0,D:\AutoCluster-OMP\datasets\paper_gaussian\paper_2d_200000.csv,D:\AutoCluster-OMP\datasets\paper_gaussian\paper_2d_200000_cluster_labels.csv,8,2,5,1,2.0,5372266.831606277
fuzzy-cmeans,manual,2,0.700999975,1.7617689643997492,0.8808844821998746,9800018.400011387,pass,static,paper_2d_200000_k8_it5_r1_m2p0,D:\AutoCluster-OMP\datasets\paper_gaussian\paper_2d_200000.csv,D:\AutoCluster-OMP\datasets\paper_gaussian\paper_2d_200000_cluster_labels.csv,8,2,5,1,2.0,5372266.831606277
fuzzy-cmeans,manual,4,0.433000088,2.852193415720507,0.7130483539301268,9800018.400011387,pass,static,paper_2d_200000_k8_it5_r1_m2p0,D:\AutoCluster-OMP\datasets\paper_gaussian\paper_2d_200000.csv,D:\AutoCluster-OMP\datasets\paper_gaussian\paper_2d_200000_cluster_labels.csv,8,2,5,1,2.0,5372266.831606277
fuzzy-cmeans,manual,8,0.386999846,3.191215740173706,0.39890196752171325,9800018.400011387,pass,static,paper_2d_200000_k8_it5_r1_m2p0,D:\AutoCluster-OMP\datasets\paper_gaussian\paper_2d_200000.csv,D:\AutoCluster-OMP\datasets\paper_gaussian\paper_2d_200000_cluster_labels.csv,8,2,5,1,2.0,5372266.831606277
fuzzy-cmeans,auto,1,1.238999844,0.9967717154934524,0.9967717154934524,9800018.400011387,pass,static,paper_2d_200000_k8_it5_r1_m2p0,D:\AutoCluster-OMP\datasets\paper_gaussian\paper_2d_200000.csv,D:\AutoCluster-OMP\datasets\paper_gaussian\paper_2d_200000_cluster_labels.csv,8,2,5,1,2.0,5372266.831606277
fuzzy-cmeans,auto,2,0.700000048,1.7642855933061308,0.8821427966530654,9800018.400011387,pass,static,paper_2d_200000_k8_it5_r1_m2p0,D:\AutoCluster-OMP\datasets\paper_gaussian\paper_2d_200000.csv,D:\AutoCluster-OMP\datasets\paper_gaussian\paper_2d_200000_cluster_labels.csv,8,2,5,1,2.0,5372266.831606277
fuzzy-cmeans,auto,4,0.431999922,2.8587968124679435,0.7146992031169859,9800018.400011387,pass,static,paper_2d_200000_k8_it5_r1_m2p0,D:\AutoCluster-OMP\datasets\paper_gaussian\paper_2d_200000.csv,D:\AutoCluster-OMP\datasets\paper_gaussian\paper_2d_200000_cluster_labels.csv,8,2,5,1,2.0,5372266.831606277
fuzzy-cmeans,auto,8,0.368000031,3.3559779781648986,0.41949724727061233,9800018.400011387,pass,static,paper_2d_200000_k8_it5_r1_m2p0,D:\AutoCluster-OMP\datasets\paper_gaussian\paper_2d_200000.csv,D:\AutoCluster-OMP\datasets\paper_gaussian\paper_2d_200000_cluster_labels.csv,8,2,5,1,2.0,5372266.831606277
